file,n6_score,unique_n6_constants,keyword_hits,top_matches,suggested_grade
NOBEL-grand-hypotheses.md,1356,20,372,1/(sigma-phi)=0.1; 1/e=0.368; 16/27_Betz; J2-tau=20; J2=24; ln(4/3)=0.288; n=6; phi/tau=0.5; phi^n=64; sigma*(sigma-phi)=120; sigma*n=72; sigma*tau=48; sigma+mu=13; sigma-mu=11; sigma-phi=10; sigma-sopfr=7; sigma-tau=8; sigma=12; sigma^2=144; sopfr=5,STRONG_CANDIDATE
MASS-GEN-B-deep-scan.md,1019,15,320,J2-tau=20; J2=24; n=6; phi^n=64; sigma*(sigma-phi)=120; sigma*n=72; sigma*tau=48; sigma+mu=13; sigma-mu=11; sigma-phi=10; sigma-sopfr=7; sigma-tau=8; sigma=12; sigma^2=144; sopfr=5,STRONG_CANDIDATE
EXTREME-algebra-category-logic.md,986,16,122,J2-tau=20; J2=24; n=6; phi^n=64; sigma*(sigma-phi)=120; sigma*sopfr=60; sigma*tau=48; sigma+mu=13; sigma-mu=11; sigma-phi=10; sigma-sopfr=7; sigma-tau=8; sigma/sigma-phi=1.2; sigma=12; sopfr=5; tau^2/sigma=4/3,STRONG_CANDIDATE
EXTREME-cross-connections.md,902,11,310,J2=24; n=6; sigma*(sigma-phi)=120; sigma*sopfr=60; sigma+mu=13; sigma-mu=11; sigma-phi=10; sigma-sopfr=7; sigma-tau=8; sigma=12; sopfr=5,STRONG_CANDIDATE
H-MED-001-030-medical.md,899,19,158,1/(sigma-phi)=0.1; 1/e=0.368; 16/27_Betz; J2-tau=20; J2=24; ln(4/3)=0.288; n=6; phi/tau=0.5; phi^n=64; sigma*(sigma-phi)=120; sigma*n=72; sigma*sopfr=60; sigma+mu=13; sigma-mu=11; sigma-phi=10; sigma-sopfr=7; sigma-tau=8; sigma=12; sopfr=5,STRONG_CANDIDATE
H-DNA-451-500-adversarial-stress-test.md,759,13,97,J2-tau=20; J2=24; n=6; phi^n=64; sigma*(sigma-phi)=120; sigma*sopfr=60; sigma*tau=48; sigma+mu=13; sigma-phi=10; sigma-sopfr=7; sigma-tau=8; sigma=12; sopfr=5,STRONG_CANDIDATE
EXTREME-music-language-ai-games.md,750,17,126,1/(sigma-phi)=0.1; 1/e=0.368; J2-tau=20; J2=24; ln(4/3)=0.288; n=6; phi/tau=0.5; phi^n=64; sigma*tau=48; sigma+mu=13; sigma-mu=11; sigma-phi=10; sigma-sopfr=7; sigma-tau=8; sigma=12; sigma^2=144; sopfr=5,STRONG_CANDIDATE
H-CX-488-ramanujan-tau-6-expanded.md,722,13,190,1/e=0.368; J2-tau=20; J2=24; ln(4/3)=0.288; n=6; phi/tau=0.5; sigma+mu=13; sigma-mu=11; sigma-phi=10; sigma-sopfr=7; sigma-tau=8; sigma=12; sopfr=5,STRONG_CANDIDATE
H-DNA-401-450-meta-connections.md,693,19,60,1/(sigma-phi)=0.1; 16/27_Betz; J2-tau=20; J2=24; ln(4/3)=0.288; n=6; phi/tau=0.5; phi^n=64; sigma*(sigma-phi)=120; sigma*n=72; sigma*sopfr=60; sigma*tau=48; sigma+mu=13; sigma-mu=11; sigma-phi=10; sigma-sopfr=7; sigma-tau=8; sigma=12; sopfr=5,STRONG_CANDIDATE
H-DNA-251-300-universal-six.md,689,14,83,J2-tau=20; J2=24; n=6; phi^n=64; sigma*(sigma-phi)=120; sigma*sopfr=60; sigma+mu=13; sigma-mu=11; sigma-phi=10; sigma-sopfr=7; sigma-tau=8; sigma=12; sopfr=5; tau^2/sigma=4/3,STRONG_CANDIDATE
F7-domains-7-10-string-neuro-bridge-bitnet.md,610,15,143,1/(sigma-phi)=0.1; J2-tau=20; J2=24; ln(4/3)=0.288; n=6; phi/tau=0.5; phi^n=64; sigma*(sigma-phi)=120; sigma*sopfr=60; sigma-mu=11; sigma-phi=10; sigma-sopfr=7; sigma-tau=8; sigma=12; sopfr=5,STRONG_CANDIDATE
H-DNA-351-400-grand-synthesis.md,610,13,70,J2-tau=20; J2=24; n=6; phi^n=64; sigma*sopfr=60; sigma*tau=48; sigma+mu=13; sigma-mu=11; sigma-phi=10; sigma-sopfr=7; sigma-tau=8; sigma=12; sopfr=5,STRONG_CANDIDATE
H-DNA-301-350-final-saturation.md,601,14,72,J2-tau=20; J2=24; n=6; phi^n=64; sigma*(sigma-phi)=120; sigma*n=72; sigma*sopfr=60; sigma+mu=13; sigma-mu=11; sigma-phi=10; sigma-sopfr=7; sigma-tau=8; sigma=12; sopfr=5,STRONG_CANDIDATE
PMATH-SPHERE-PACKING-perfect.md,601,12,157,J2=24; n=6; phi^n=64; sigma*tau=48; sigma+mu=13; sigma-mu=11; sigma-phi=10; sigma-sopfr=7; sigma-tau=8; sigma=12; sigma^2=144; sopfr=5,STRONG_CANDIDATE
EXTREME-cosmos-emergence-philosophy.md,583,20,108,1/(sigma-phi)=0.1; 1/e=0.368; 16/27_Betz; J2-tau=20; J2=24; ln(4/3)=0.288; n=6; phi^n=64; sigma*(sigma-phi)=120; sigma*n=72; sigma*sopfr=60; sigma*tau=48; sigma+mu=13; sigma-mu=11; sigma-phi=10; sigma-sopfr=7; sigma-tau=8; sigma=12; sigma^2=144; sopfr=5,STRONG_CANDIDATE
H-DNA-131-170-folding-final-frontier.md,565,13,75,J2-tau=20; n=6; phi^n=64; sigma*(sigma-phi)=120; sigma*sopfr=60; sigma+mu=13; sigma-mu=11; sigma-phi=10; sigma-sopfr=7; sigma-tau=8; sigma=12; sigma^2=144; sopfr=5,STRONG_CANDIDATE
H-DNA-091-130-folding-ultimate.md,557,16,81,1/(sigma-phi)=0.1; J2-tau=20; J2=24; n=6; phi/tau=0.5; phi^n=64; sigma*(sigma-phi)=120; sigma*sopfr=60; sigma*tau=48; sigma+mu=13; sigma-mu=11; sigma-phi=10; sigma-sopfr=7; sigma-tau=8; sigma=12; sopfr=5,STRONG_CANDIDATE
KISSING-numbers-n6-arithmetic.md,557,14,136,J2-tau=20; J2=24; n=6; sigma*(sigma-phi)=120; sigma*n=72; sigma*sopfr=60; sigma*tau=48; sigma+mu=13; sigma-mu=11; sigma-phi=10; sigma-sopfr=7; sigma-tau=8; sigma=12; sopfr=5,STRONG_CANDIDATE
H-DNA-171-210-molecular-saturation.md,542,15,64,J2-tau=20; J2=24; n=6; phi^n=64; sigma*(sigma-phi)=120; sigma*n=72; sigma*sopfr=60; sigma+mu=13; sigma-mu=11; sigma-phi=10; sigma-sopfr=7; sigma-tau=8; sigma/sigma-phi=1.2; sigma=12; sopfr=5,STRONG_CANDIDATE
H-MUSIC-001-015-acoustics.md,537,14,112,1/(sigma-phi)=0.1; 1/e=0.368; J2-tau=20; J2=24; n=6; phi/tau=0.5; sigma*(sigma-phi)=120; sigma+mu=13; sigma-mu=11; sigma-phi=10; sigma-sopfr=7; sigma-tau=8; sigma=12; sopfr=5,STRONG_CANDIDATE
SLE6-percolation-perfect-number.md,530,16,133,1/(sigma-phi)=0.1; 1/e=0.368; J2-tau=20; J2=24; ln(4/3)=0.288; n=6; phi/tau=0.5; sigma*n=72; sigma+mu=13; sigma-mu=11; sigma-phi=10; sigma-sopfr=7; sigma-tau=8; sigma=12; sopfr=5; tau^2/sigma=4/3,STRONG_CANDIDATE
H-DNA-211-250-macro-biology.md,529,14,62,J2-tau=20; J2=24; n=6; phi/tau=0.5; phi^n=64; sigma*n=72; sigma*sopfr=60; sigma+mu=13; sigma-mu=11; sigma-phi=10; sigma-sopfr=7; sigma-tau=8; sigma=12; sopfr=5,STRONG_CANDIDATE
DEEP-sigma-phi-tau-28-geometry-topology.md,524,13,124,J2-tau=20; J2=24; n=6; sigma*(sigma-phi)=120; sigma*n=72; sigma*sopfr=60; sigma+mu=13; sigma-phi=10; sigma-sopfr=7; sigma-tau=8; sigma=12; sigma^2=144; sopfr=5,STRONG_CANDIDATE
H-CHEM-071-090-symmetry-deep.md,517,14,108,1/e=0.368; J2-tau=20; J2=24; n=6; phi/tau=0.5; sigma*(sigma-phi)=120; sigma*n=72; sigma*tau=48; sigma+mu=13; sigma-phi=10; sigma-sopfr=7; sigma-tau=8; sigma=12; sopfr=5,STRONG_CANDIDATE
DEEP-mersenne-bootstrap-chain.md,514,13,131,J2-tau=20; J2=24; n=6; sigma*(sigma-phi)=120; sigma*sopfr=60; sigma+mu=13; sigma-mu=11; sigma-phi=10; sigma-sopfr=7; sigma-tau=8; sigma/sigma-phi=1.2; sigma=12; sopfr=5,STRONG_CANDIDATE
H-INST-001-020-institutions.md,494,13,93,J2-tau=20; J2=24; n=6; sigma*(sigma-phi)=120; sigma*sopfr=60; sigma+mu=13; sigma-mu=11; sigma-phi=10; sigma-sopfr=7; sigma-tau=8; sigma=12; sigma^2=144; sopfr=5,STRONG_CANDIDATE
H-MED-027-030-deep-clinical-scales.md,462,14,63,1/(sigma-phi)=0.1; J2-tau=20; J2=24; n=6; phi/tau=0.5; sigma*sopfr=60; sigma+mu=13; sigma-mu=11; sigma-phi=10; sigma-sopfr=7; sigma-tau=8; sigma/sigma-phi=1.2; sigma=12; sopfr=5,STRONG_CANDIDATE
BRIDGE-005-biochem-causal-chain.md,409,12,57,1/e=0.368; 16/27_Betz; J2-tau=20; n=6; phi^n=64; sigma*(sigma-phi)=120; sigma+mu=13; sigma-phi=10; sigma-sopfr=7; sigma-tau=8; sigma=12; sopfr=5,STRONG_CANDIDATE
H-DNA-031-060-dna-folding.md,407,15,63,1/e=0.368; 16/27_Betz; J2-tau=20; ln(4/3)=0.288; n=6; phi/tau=0.5; sigma*n=72; sigma*sopfr=60; sigma*tau=48; sigma-mu=11; sigma-phi=10; sigma-sopfr=7; sigma-tau=8; sigma=12; sopfr=5,STRONG_CANDIDATE
PHYS-CALABI-YAU-N6.md,383,10,101,J2-tau=20; J2=24; n=6; sigma+mu=13; sigma-mu=11; sigma-phi=10; sigma-sopfr=7; sigma-tau=8; sigma=12; sopfr=5,STRONG_CANDIDATE
H-ASTRO-001-015-astronomy.md,378,15,93,1/(sigma-phi)=0.1; 1/e=0.368; J2-tau=20; J2=24; ln(4/3)=0.288; n=6; phi/tau=0.5; sigma*sopfr=60; sigma+mu=13; sigma-mu=11; sigma-phi=10; sigma-sopfr=7; sigma-tau=8; sigma=12; sopfr=5,STRONG_CANDIDATE
H-DNA-061-090-folding-extreme.md,374,15,46,1/(sigma-phi)=0.1; J2-tau=20; J2=24; n=6; phi/tau=0.5; phi^n=64; sigma*(sigma-phi)=120; sigma*n=72; sigma*sopfr=60; sigma+mu=13; sigma-phi=10; sigma-sopfr=7; sigma-tau=8; sigma=12; sopfr=5,STRONG_CANDIDATE
PMATH-BOTT-PERIODICITY-P6.md,372,10,73,J2-tau=20; n=6; phi^n=64; sigma+mu=13; sigma-mu=11; sigma-phi=10; sigma-sopfr=7; sigma-tau=8; sigma=12; sopfr=5,STRONG_CANDIDATE
H-CX-478-drift-dynamics.md,361,7,94,J2-tau=20; n=6; sigma*sopfr=60; sigma*tau=48; sigma-phi=10; sigma=12; sopfr=5,STRONG_CANDIDATE
407-galois-finite-fields-n6.md,359,14,76,J2-tau=20; J2=24; n=6; phi^n=64; sigma*n=72; sigma*sopfr=60; sigma+mu=13; sigma-mu=11; sigma-phi=10; sigma-sopfr=7; sigma-tau=8; sigma=12; sigma^2=144; sopfr=5,STRONG_CANDIDATE
H-DNA-001-030-nucleic-acids.md,358,12,71,J2-tau=20; J2=24; n=6; phi/tau=0.5; phi^n=64; sigma+mu=13; sigma-mu=11; sigma-phi=10; sigma-sopfr=7; sigma-tau=8; sigma=12; sopfr=5,STRONG_CANDIDATE
H-CHEM-031-050-carbon-deep.md,352,9,90,J2-tau=20; n=6; phi/tau=0.5; sigma*tau=48; sigma-phi=10; sigma-sopfr=7; sigma-tau=8; sigma=12; sopfr=5,STRONG_CANDIDATE
H-ELEC-001-020-neurostim-n6-framework.md,350,15,57,1/(sigma-phi)=0.1; 1/e=0.368; 16/27_Betz; J2-tau=20; ln(4/3)=0.288; n=6; phi/tau=0.5; sigma*sopfr=60; sigma+mu=13; sigma-mu=11; sigma-phi=10; sigma-sopfr=7; sigma-tau=8; sigma=12; sopfr=5,STRONG_CANDIDATE
PHYS-FEYNMAN-SM-N6.md,335,11,75,J2-tau=20; J2=24; n=6; sigma*tau=48; sigma+mu=13; sigma-mu=11; sigma-phi=10; sigma-sopfr=7; sigma-tau=8; sigma=12; sopfr=5,STRONG_CANDIDATE
390-obang-pentagonal-numbers.md,331,8,38,n=6; sigma+mu=13; sigma-mu=11; sigma-phi=10; sigma-sopfr=7; sigma-tau=8; sigma=12; sopfr=5,STRONG_CANDIDATE
H-CHEM-111-130-thermo-deep.md,313,16,65,1/(sigma-phi)=0.1; 1/e=0.368; 16/27_Betz; J2-tau=20; ln(4/3)=0.288; n=6; phi/tau=0.5; sigma*(sigma-phi)=120; sigma*sopfr=60; sigma-mu=11; sigma-phi=10; sigma-sopfr=7; sigma-tau=8; sigma/sigma-phi=1.2; sigma=12; sopfr=5,STRONG_CANDIDATE
H-ECON-001-015-economics.md,302,18,69,1/(sigma-phi)=0.1; 1/e=0.368; 16/27_Betz; J2-tau=20; J2=24; ln(4/3)=0.288; n=6; phi/tau=0.5; sigma*sopfr=60; sigma+mu=13; sigma-mu=11; sigma-phi=10; sigma-sopfr=7; sigma-tau=8; sigma/sigma-phi=1.2; sigma=12; sopfr=5; tau^2/sigma=4/3,STRONG_CANDIDATE
PMATH-GRAND-UNIFICATION-n6.md,289,13,76,1/e=0.368; J2-tau=20; J2=24; n=6; phi/tau=0.5; sigma*n=72; sigma-phi=10; sigma-sopfr=7; sigma-tau=8; sigma/sigma-phi=1.2; sigma=12; sopfr=5; tau^2/sigma=4/3,STRONG_CANDIDATE
PHYS-CONNES-NCG-N6.md,277,12,56,J2-tau=20; J2=24; n=6; phi^n=64; sigma*tau=48; sigma+mu=13; sigma-mu=11; sigma-phi=10; sigma-sopfr=7; sigma-tau=8; sigma=12; sopfr=5,STRONG_CANDIDATE
408-operator-algebras-n6.md,277,9,95,1/(sigma-phi)=0.1; n=6; phi/tau=0.5; sigma-mu=11; sigma-phi=10; sigma-sopfr=7; sigma-tau=8; sigma=12; sopfr=5,STRONG_CANDIDATE
H-DSE-002-n6-os-linux-comparison.md,275,13,60,1/(sigma-phi)=0.1; J2-tau=20; J2=24; n=6; phi^n=64; sigma+mu=13; sigma-mu=11; sigma-phi=10; sigma-sopfr=7; sigma-tau=8; sigma=12; sopfr=5; tau^2/sigma=4/3,STRONG_CANDIDATE
HCP-001-close-packing.md,275,10,70,16/27_Betz; J2-tau=20; J2=24; ln(4/3)=0.288; n=6; phi/tau=0.5; sigma-sopfr=7; sigma-tau=8; sigma=12; sopfr=5,STRONG_CANDIDATE
PMATH-RAMSEY-N6.md,274,9,70,J2=24; n=6; sigma+mu=13; sigma-mu=11; sigma-phi=10; sigma-sopfr=7; sigma-tau=8; sigma=12; sopfr=5,STRONG_CANDIDATE
BRIDGE-001-prime-root-unification.md,270,13,52,J2-tau=20; J2=24; n=6; phi^n=64; sigma*(sigma-phi)=120; sigma*sopfr=60; sigma+mu=13; sigma-mu=11; sigma-phi=10; sigma-sopfr=7; sigma-tau=8; sigma=12; sopfr=5,STRONG_CANDIDATE
PMATH-PLATONIC-SOLIDS-N6.md,270,13,49,J2-tau=20; J2=24; n=6; phi/tau=0.5; sigma*(sigma-phi)=120; sigma*tau=48; sigma+mu=13; sigma-mu=11; sigma-phi=10; sigma-sopfr=7; sigma-tau=8; sigma=12; sopfr=5,STRONG_CANDIDATE
NOBEL-P1-universality-exponents.md,267,12,78,1/(sigma-phi)=0.1; 1/e=0.368; 16/27_Betz; J2=24; ln(4/3)=0.288; n=6; sigma-mu=11; sigma-phi=10; sigma-sopfr=7; sigma-tau=8; sigma=12; sopfr=5,STRONG_CANDIDATE
409-game-theory-divisor-voting.md,252,7,75,16/27_Betz; n=6; sigma*(sigma-phi)=120; sigma-phi=10; sigma-sopfr=7; sigma=12; sopfr=5,STRONG_CANDIDATE
BRIDGE-003-n-minus-2-equals-tau.md,245,11,74,J2=24; n=6; phi^n=64; sigma*(sigma-phi)=120; sigma+mu=13; sigma-mu=11; sigma-phi=10; sigma-sopfr=7; sigma-tau=8; sigma=12; sopfr=5,STRONG_CANDIDATE
PMATH-PASCAL-PERFECT.md,241,12,42,J2-tau=20; n=6; phi^n=64; sigma*(sigma-phi)=120; sigma*sopfr=60; sigma+mu=13; sigma-mu=11; sigma-phi=10; sigma-sopfr=7; sigma-tau=8; sigma=12; sopfr=5,STRONG_CANDIDATE
PMATH-RIEMANN-ZETA-N6.md,237,12,36,1/(sigma-phi)=0.1; J2-tau=20; n=6; sigma*(sigma-phi)=120; sigma*sopfr=60; sigma+mu=13; sigma-mu=11; sigma-phi=10; sigma-sopfr=7; sigma-tau=8; sigma=12; sopfr=5,STRONG_CANDIDATE
PHYS-THERMODYNAMICS-N6.md,237,8,76,16/27_Betz; J2-tau=20; n=6; sigma-phi=10; sigma-sopfr=7; sigma-tau=8; sigma=12; sopfr=5,STRONG_CANDIDATE
CONFLUENCE-theorem-why-six.md,234,14,31,J2-tau=20; J2=24; n=6; phi^n=64; sigma*(sigma-phi)=120; sigma*sopfr=60; sigma*tau=48; sigma+mu=13; sigma-mu=11; sigma-phi=10; sigma-sopfr=7; sigma-tau=8; sigma=12; sopfr=5,STRONG_CANDIDATE
BREAKTHROUGH-kissing-root-systems.md,233,13,58,J2-tau=20; J2=24; n=6; sigma*n=72; sigma*sopfr=60; sigma*tau=48; sigma+mu=13; sigma-mu=11; sigma-phi=10; sigma-sopfr=7; sigma-tau=8; sigma=12; sopfr=5,STRONG_CANDIDATE
H-CHEM-cross-analysis.md,229,13,45,J2-tau=20; J2=24; n=6; sigma*n=72; sigma*sopfr=60; sigma*tau=48; sigma+mu=13; sigma-mu=11; sigma-phi=10; sigma-sopfr=7; sigma-tau=8; sigma=12; sopfr=5,STRONG_CANDIDATE
H-HAIR-001-050-hair-loss-n6.md,227,14,31,J2-tau=20; J2=24; n=6; phi/tau=0.5; sigma*(sigma-phi)=120; sigma*sopfr=60; sigma*tau=48; sigma+mu=13; sigma-mu=11; sigma-phi=10; sigma-sopfr=7; sigma-tau=8; sigma=12; sopfr=5,STRONG_CANDIDATE
H-CHEM-131-145-pharma-deep.md,226,12,40,1/e=0.368; J2-tau=20; J2=24; ln(4/3)=0.288; n=6; sigma-mu=11; sigma-phi=10; sigma-sopfr=7; sigma-tau=8; sigma=12; sigma^2=144; sopfr=5,STRONG_CANDIDATE
089-beyond-one.md,223,11,65,1/e=0.368; J2-tau=20; n=6; phi/tau=0.5; sigma-phi=10; sigma-sopfr=7; sigma-tau=8; sigma/sigma-phi=1.2; sigma=12; sopfr=5; tau^2/sigma=4/3,STRONG_CANDIDATE
PHYS-GW-QUADRUPOLE-P6.md,219,10,51,J2-tau=20; ln(4/3)=0.288; n=6; phi^n=64; sigma-mu=11; sigma-phi=10; sigma-sopfr=7; sigma-tau=8; sigma=12; sopfr=5,STRONG_CANDIDATE
CRYPTO-001-hexagonal-lattice-A2.md,217,8,50,J2-tau=20; J2=24; n=6; sigma+mu=13; sigma-sopfr=7; sigma-tau=8; sigma=12; sopfr=5,STRONG_CANDIDATE
NETWORK-001-K6-spectral.md,216,8,38,J2-tau=20; n=6; sigma-mu=11; sigma-phi=10; sigma-sopfr=7; sigma-tau=8; sigma=12; sopfr=5,STRONG_CANDIDATE
H-ECO-001-015-ecology.md,214,13,44,1/(sigma-phi)=0.1; 1/e=0.368; ln(4/3)=0.288; n=6; phi/tau=0.5; sigma+mu=13; sigma-mu=11; sigma-phi=10; sigma-sopfr=7; sigma-tau=8; sigma/sigma-phi=1.2; sigma=12; sopfr=5,STRONG_CANDIDATE
H-LING-001-015-linguistics.md,207,12,43,1/(sigma-phi)=0.1; 1/e=0.368; ln(4/3)=0.288; n=6; phi/tau=0.5; sigma+mu=13; sigma-mu=11; sigma-phi=10; sigma-sopfr=7; sigma-tau=8; sigma=12; sopfr=5,STRONG_CANDIDATE
H-UD-1-music-just-intonation.md,205,5,67,n=6; sigma+mu=13; sigma-tau=8; sigma=12; sopfr=5,STRONG_CANDIDATE
NAVSTOKES-001-stress-tensor.md,203,5,56,n=6; sigma+mu=13; sigma-phi=10; sigma-sopfr=7; sopfr=5,STRONG_CANDIDATE
389-obang-A5-unsolvability.md,201,12,16,J2-tau=20; J2=24; n=6; phi^n=64; sigma*(sigma-phi)=120; sigma*n=72; sigma*sopfr=60; sigma-phi=10; sigma-sopfr=7; sigma-tau=8; sigma=12; sopfr=5,STRONG_CANDIDATE
PMATH-SPORADIC-GROUPS-perfect.md,199,10,27,J2-tau=20; J2=24; n=6; sigma+mu=13; sigma-mu=11; sigma-phi=10; sigma-sopfr=7; sigma-tau=8; sigma=12; sopfr=5,STRONG_CANDIDATE
H-CX-156-perfect-number-element-chain.md,199,4,68,n=6; sigma-sopfr=7; sigma=12; sopfr=5,MODERATE
CONFLUENCE-deep-three-discoveries.md,198,13,9,J2-tau=20; J2=24; n=6; sigma*(sigma-phi)=120; sigma*n=72; sigma*sopfr=60; sigma+mu=13; sigma-mu=11; sigma-phi=10; sigma-sopfr=7; sigma-tau=8; sigma=12; sopfr=5,STRONG_CANDIDATE
H-SPORT-001-020-biomechanics.md,197,10,29,J2-tau=20; n=6; phi/tau=0.5; sigma+mu=13; sigma-mu=11; sigma-phi=10; sigma-sopfr=7; sigma-tau=8; sigma=12; sopfr=5,STRONG_CANDIDATE
MUSIC-001-twelve-tone-consonance.md,196,8,39,J2=24; n=6; sigma-mu=11; sigma-phi=10; sigma-sopfr=7; sigma-tau=8; sigma=12; sopfr=5,STRONG_CANDIDATE
H-UD-2-dna-genetic-code.md,195,8,52,J2-tau=20; J2=24; n=6; phi^n=64; sigma-phi=10; sigma-tau=8; sigma=12; sopfr=5,STRONG_CANDIDATE
H-SIM-1-physical-constants-compile-time.md,192,12,52,1/(sigma-phi)=0.1; 1/e=0.368; ln(4/3)=0.288; n=6; phi/tau=0.5; sigma*n=72; sigma+mu=13; sigma-mu=11; sigma-sopfr=7; sigma=12; sigma^2=144; sopfr=5,STRONG_CANDIDATE
H-ROB-7-twelve-joints-humanoid.md,190,8,48,16/27_Betz; J2-tau=20; J2=24; n=6; sigma*sopfr=60; sigma-sopfr=7; sigma-tau=8; sigma=12,STRONG_CANDIDATE
RIEMANN-CURV-001-curvature-denominator.md,189,8,34,J2-tau=20; n=6; sigma*n=72; sigma-phi=10; sigma-sopfr=7; sigma-tau=8; sigma=12; sopfr=5,STRONG_CANDIDATE
H-UD-7-perfect-codes-tiling.md,187,6,58,n=6; sigma-mu=11; sigma-sopfr=7; sigma-tau=8; sigma=12; sopfr=5,STRONG_CANDIDATE
EM-001-electromagnetic-tensor.md,183,7,47,J2-tau=20; n=6; sigma-phi=10; sigma-sopfr=7; sigma-tau=8; sigma=12; sopfr=5,STRONG_CANDIDATE
H-CX-490-knot-count-self-ref.md,174,10,26,1/(sigma-phi)=0.1; ln(4/3)=0.288; n=6; sigma+mu=13; sigma-mu=11; sigma-phi=10; sigma-sopfr=7; sigma-tau=8; sigma=12; sopfr=5,STRONG_CANDIDATE
BRAID-001-braid-group-B6.md,169,6,52,n=6; sigma-phi=10; sigma-sopfr=7; sigma-tau=8; sigma=12; sopfr=5,STRONG_CANDIDATE
H-HAIR-181-240-microelectrode.md,167,13,4,1/(sigma-phi)=0.1; 1/e=0.368; J2-tau=20; J2=24; ln(4/3)=0.288; n=6; phi/tau=0.5; sigma*sopfr=60; sigma-phi=10; sigma-sopfr=7; sigma-tau=8; sigma=12; sopfr=5,STRONG_CANDIDATE
FUNCAL-001-divisor-lattice-spectrum.md,163,7,52,1/e=0.368; n=6; sigma-phi=10; sigma-sopfr=7; sigma-tau=8; sigma=12; sopfr=5,STRONG_CANDIDATE
377-obang-perfect-number-mapping.md,160,6,44,n=6; sigma*n=72; sigma-phi=10; sigma-sopfr=7; sigma=12; sopfr=5,STRONG_CANDIDATE
H-EH-001-025-event-horizon.md,158,13,34,1/e=0.368; J2-tau=20; J2=24; ln(4/3)=0.288; n=6; phi/tau=0.5; sigma+mu=13; sigma-mu=11; sigma-phi=10; sigma-sopfr=7; sigma-tau=8; sigma=12; sopfr=5,STRONG_CANDIDATE
H-ARCH-industry-patterns.md,155,13,39,J2-tau=20; J2=24; n=6; phi^n=64; sigma*sopfr=60; sigma*tau=48; sigma+mu=13; sigma-mu=11; sigma-phi=10; sigma-sopfr=7; sigma-tau=8; sigma=12; sopfr=5,STRONG_CANDIDATE
H-DNA-601-n28-project.md,155,11,32,J2-tau=20; J2=24; n=6; sigma*tau=48; sigma+mu=13; sigma-mu=11; sigma-phi=10; sigma-sopfr=7; sigma-tau=8; sigma=12; sopfr=5,STRONG_CANDIDATE
385-obang-brainwave-bands.md,150,9,13,J2-tau=20; n=6; phi/tau=0.5; sigma+mu=13; sigma-phi=10; sigma-sopfr=7; sigma-tau=8; sigma=12; sopfr=5,STRONG_CANDIDATE
H-UD-5-ising-critical-exponents.md,150,4,53,n=6; sigma-tau=8; sigma=12; sopfr=5,MODERATE
H-CX-444-k6-neural-architecture.md,148,9,25,J2=24; n=6; phi^n=64; sigma*(sigma-phi)=120; sigma-phi=10; sigma-sopfr=7; sigma-tau=8; sigma=12; sopfr=5,STRONG_CANDIDATE
H-ROB-8-four-legs-optimal.md,147,11,27,1/(sigma-phi)=0.1; 16/27_Betz; ln(4/3)=0.288; n=6; phi/tau=0.5; sigma-mu=11; sigma-phi=10; sigma-sopfr=7; sigma-tau=8; sigma=12; sopfr=5,STRONG_CANDIDATE
H-CX-436-recursion-depth-sigma-inv.md,145,4,41,n=6; sigma-sopfr=7; sigma-tau=8; sopfr=5,MODERATE
PHYS-SELF-REFERENTIAL-LOOP-physics.md,144,7,28,n=6; sigma+mu=13; sigma-phi=10; sigma-sopfr=7; sigma-tau=8; sigma=12; sopfr=5,STRONG_CANDIDATE
DFS-composition-sopfr-phi-omega.md,142,10,41,J2-tau=20; J2=24; n=6; sigma+mu=13; sigma-mu=11; sigma-phi=10; sigma-sopfr=7; sigma-tau=8; sigma=12; sopfr=5,STRONG_CANDIDATE
H-CX-489-trefoil-knot.md,139,8,37,ln(4/3)=0.288; n=6; sigma-mu=11; sigma-phi=10; sigma-sopfr=7; sigma-tau=8; sigma=12; sopfr=5,STRONG_CANDIDATE
H-CX-434-phoneme-perfect-number.md,139,6,34,n=6; sigma-phi=10; sigma-sopfr=7; sigma-tau=8; sigma=12; sopfr=5,STRONG_CANDIDATE
BREAKTHROUGH-SLE6-virasoro.md,132,8,19,J2=24; n=6; sigma*(sigma-phi)=120; sigma-phi=10; sigma-sopfr=7; sigma-tau=8; sigma=12; sopfr=5,STRONG_CANDIDATE
H-HAIR-051-100-deep-mechanisms.md,129,9,22,n=6; phi^n=64; sigma*n=72; sigma*sopfr=60; sigma+mu=13; sigma-phi=10; sigma-sopfr=7; sigma=12; sopfr=5,STRONG_CANDIDATE
PMATH-THETA-PERFECT-pattern.md,124,12,33,1/(sigma-phi)=0.1; J2-tau=20; J2=24; n=6; phi^n=64; sigma+mu=13; sigma-mu=11; sigma-phi=10; sigma-sopfr=7; sigma-tau=8; sigma=12; sopfr=5,STRONG_CANDIDATE
PMATH-SO32-THETA-anomaly.md,122,7,37,1/(sigma-phi)=0.1; n=6; sigma-phi=10; sigma-sopfr=7; sigma-tau=8; sigma=12; sopfr=5,STRONG_CANDIDATE
H-CX-491-baryon-photon.md,120,6,20,J2-tau=20; n=6; sigma-phi=10; sigma-tau=8; sigma=12; sopfr=5,STRONG_CANDIDATE
245-137-physical-derivation.md,117,8,21,n=6; sigma+mu=13; sigma-sopfr=7; sigma-tau=8; sigma/sigma-phi=1.2; sigma=12; sigma^2=144; sopfr=5,STRONG_CANDIDATE
H-UD-4-ramsey-perfect-bridge.md,115,8,24,ln(4/3)=0.288; n=6; sigma*(sigma-phi)=120; sigma-phi=10; sigma-sopfr=7; sigma-tau=8; sigma=12; sopfr=5,STRONG_CANDIDATE
H-CX-477-uap-propulsion.md,114,5,39,J2-tau=20; n=6; sigma-sopfr=7; sigma=12; sopfr=5,STRONG_CANDIDATE
H-UD-3-crystallographic-restriction.md,110,9,25,n=6; sigma*(sigma-phi)=120; sigma*n=72; sigma*sopfr=60; sigma-mu=11; sigma-phi=10; sigma-sopfr=7; sigma-tau=8; sopfr=5,STRONG_CANDIDATE
H-UD-6-theta-gamma-coupling.md,110,8,16,J2-tau=20; n=6; phi/tau=0.5; sigma+mu=13; sigma-phi=10; sigma-sopfr=7; sigma-tau=8; sopfr=5,STRONG_CANDIDATE
H-EE-6-tensor-aligned-hcn.md,109,13,1,J2-tau=20; J2=24; n=6; phi^n=64; sigma*(sigma-phi)=120; sigma*sopfr=60; sigma*tau=48; sigma-mu=11; sigma-phi=10; sigma-sopfr=7; sigma-tau=8; sigma=12; sopfr=5,STRONG_CANDIDATE
H-EE-59-fine-structure-constant.md,109,6,41,n=6; sigma*sopfr=60; sigma-mu=11; sigma=12; sigma^2=144; sopfr=5,STRONG_CANDIDATE
H-CX-153-n-ln-sequence.md,108,11,29,1/(sigma-phi)=0.1; ln(4/3)=0.288; n=6; sigma*(sigma-phi)=120; sigma+mu=13; sigma-mu=11; sigma-phi=10; sigma-sopfr=7; sigma-tau=8; sigma=12; sopfr=5,STRONG_CANDIDATE
H-SIM-2-planck-units-grid-resolution.md,107,9,28,ln(4/3)=0.288; n=6; sigma*sopfr=60; sigma*tau=48; sigma+mu=13; sigma-phi=10; sigma-sopfr=7; sigma=12; sopfr=5,STRONG_CANDIDATE
ANIMA-consciousness-map-n6-connection.md,106,5,29,n=6; phi/tau=0.5; sigma-sopfr=7; sigma-tau=8; sopfr=5,STRONG_CANDIDATE
H-EE-7-head-dim-diversity.md,105,11,1,J2-tau=20; J2=24; n=6; phi^n=64; sigma*(sigma-phi)=120; sigma*sopfr=60; sigma-phi=10; sigma-sopfr=7; sigma-tau=8; sigma=12; sopfr=5,STRONG_CANDIDATE
250-quantum-precision-constants.md,104,12,1,n=6; phi/tau=0.5; sigma*(sigma-phi)=120; sigma*n=72; sigma*sopfr=60; sigma-mu=11; sigma-phi=10; sigma-sopfr=7; sigma-tau=8; sigma/sigma-phi=1.2; sigma=12; sopfr=5,STRONG_CANDIDATE
H-SEDI-2-fermion-mass-tower.md,99,12,17,1/(sigma-phi)=0.1; ln(4/3)=0.288; n=6; phi/tau=0.5; sigma*(sigma-phi)=120; sigma*tau=48; sigma-mu=11; sigma-phi=10; sigma-tau=8; sigma=12; sigma^2=144; sopfr=5,STRONG_CANDIDATE
393-ttx-thc-duality-consciousness.md,98,12,0,1/(sigma-phi)=0.1; 1/e=0.368; 16/27_Betz; ln(4/3)=0.288; n=6; phi/tau=0.5; sigma-phi=10; sigma-sopfr=7; sigma-tau=8; sigma/sigma-phi=1.2; sopfr=5; tau^2/sigma=4/3,STRONG_CANDIDATE
381-obang-compass-five-sixths.md,98,6,22,1/(sigma-phi)=0.1; 16/27_Betz; n=6; phi/tau=0.5; sigma=12; sopfr=5,STRONG_CANDIDATE
BREAKTHROUGH-genetic-code-KKT.md,97,11,23,1/e=0.368; J2-tau=20; J2=24; ln(4/3)=0.288; n=6; phi^n=64; sigma-mu=11; sigma-sopfr=7; sigma-tau=8; sigma=12; sopfr=5,STRONG_CANDIDATE
H-EE-78-noble-gas-electrons.md,93,5,25,n=6; sigma-phi=10; sigma-tau=8; sigma=12; sopfr=5,STRONG_CANDIDATE
H-EE-86-alpha-wave-10hz.md,93,5,27,n=6; sigma+mu=13; sigma-phi=10; sigma-tau=8; sopfr=5,STRONG_CANDIDATE
H-EE-119-optimal-document-size.md,92,5,18,J2=24; n=6; sigma*(sigma-phi)=120; sigma=12; sigma^2=144,STRONG_CANDIDATE
H-ROB-5-mitosis-swarm-fission.md,90,9,16,1/(sigma-phi)=0.1; 1/e=0.368; J2-tau=20; n=6; phi/tau=0.5; sigma-phi=10; sigma-tau=8; sigma=12; sopfr=5,STRONG_CANDIDATE
H-EE-68-dark-matter.md,90,5,30,ln(4/3)=0.288; n=6; phi/tau=0.5; sigma=12; sopfr=5,STRONG_CANDIDATE
396-ttx-consciousness-quantization.md,88,11,3,1/(sigma-phi)=0.1; 16/27_Betz; J2-tau=20; ln(4/3)=0.288; n=6; phi/tau=0.5; sigma-phi=10; sigma-sopfr=7; sigma-tau=8; sigma=12; sopfr=5,STRONG_CANDIDATE
H-CX-155-sigma-phi-full-scan.md,88,10,28,1/(sigma-phi)=0.1; n=6; phi/tau=0.5; sigma+mu=13; sigma-mu=11; sigma-sopfr=7; sigma-tau=8; sigma=12; sopfr=5; tau^2/sigma=4/3,STRONG_CANDIDATE
H-COIN-ethereum-n6.md,88,6,31,n=6; sigma-phi=10; sigma-sopfr=7; sigma-tau=8; sigma=12; sopfr=5,STRONG_CANDIDATE
019-golden-moe-performance.md,87,15,4,1/(sigma-phi)=0.1; 1/e=0.368; 16/27_Betz; J2-tau=20; J2=24; ln(4/3)=0.288; n=6; phi/tau=0.5; sigma+mu=13; sigma-mu=11; sigma-phi=10; sigma-sopfr=7; sigma-tau=8; sigma=12; sopfr=5,STRONG_CANDIDATE
H-CX-453-convergence-map.md,87,12,16,1/e=0.368; J2-tau=20; ln(4/3)=0.288; n=6; phi/tau=0.5; sigma-mu=11; sigma-phi=10; sigma-sopfr=7; sigma-tau=8; sigma/sigma-phi=1.2; sigma=12; sopfr=5,STRONG_CANDIDATE
H-CX-418-carbon-R-optimality.md,86,11,15,J2-tau=20; J2=24; n=6; sigma*tau=48; sigma+mu=13; sigma-mu=11; sigma-phi=10; sigma-sopfr=7; sigma-tau=8; sigma=12; sopfr=5,STRONG_CANDIDATE
H-UD-8-hexagonal-tiling-honeycomb.md,86,7,19,n=6; sigma*(sigma-phi)=120; sigma*sopfr=60; sigma-sopfr=7; sigma-tau=8; sigma=12; sopfr=5,STRONG_CANDIDATE
H-HAIR-121-180-epigenetics-microbiome-personalized.md,86,6,5,J2=24; n=6; sigma*sopfr=60; sigma-tau=8; sigma=12; sopfr=5,STRONG_CANDIDATE
H-EE-62-musical-harmony.md,84,3,27,n=6; sigma=12; sopfr=5,MODERATE
EXTREME-ralph-iterations.md,83,8,11,J2=24; n=6; sigma-phi=10; sigma-sopfr=7; sigma-tau=8; sigma=12; sigma^2=144; sopfr=5,STRONG_CANDIDATE
379-obang-pentagon-golden-ratio.md,81,9,2,1/e=0.368; ln(4/3)=0.288; n=6; phi/tau=0.5; sigma*n=72; sigma-phi=10; sigma-sopfr=7; sigma-tau=8; sopfr=5,STRONG_CANDIDATE
H-CX-7-sigma-phi-architecture-optimality.md,80,6,27,J2=24; n=6; sigma-phi=10; sigma-sopfr=7; sigma-tau=8; sigma=12,STRONG_CANDIDATE
H-EE-111-variational-principle.md,80,3,29,n=6; sigma-sopfr=7; sigma=12,MODERATE
204-ph-inhibition.md,74,14,0,1/(sigma-phi)=0.1; 1/e=0.368; 16/27_Betz; J2=24; ln(4/3)=0.288; n=6; phi/tau=0.5; sigma+mu=13; sigma-mu=11; sigma-phi=10; sigma-sopfr=7; sigma-tau=8; sigma=12; sopfr=5,STRONG_CANDIDATE
BREAKTHROUGH-five-strategies.md,74,8,10,J2=24; n=6; sigma*(sigma-phi)=120; sigma-phi=10; sigma-sopfr=7; sigma-tau=8; sigma=12; sopfr=5,STRONG_CANDIDATE
THEOREM-consecutive-prime-factorial.md,74,8,11,J2=24; n=6; sigma*(sigma-phi)=120; sigma-phi=10; sigma-sopfr=7; sigma-tau=8; sigma=12; sopfr=5,STRONG_CANDIDATE
H-CX-447-moe-expert-perfect-structure.md,73,6,16,J2-tau=20; J2=24; n=6; sigma-phi=10; sigma-tau=8; sigma=12,STRONG_CANDIDATE
H-EE-110-cultural-bias.md,72,7,16,J2=24; n=6; sigma*sopfr=60; sigma-phi=10; sigma-sopfr=7; sigma=12; sopfr=5,STRONG_CANDIDATE
H-ROB-11-silent-consensus-distributed.md,72,7,16,J2-tau=20; n=6; sigma-mu=11; sigma-phi=10; sigma-sopfr=7; sigma=12; sopfr=5,STRONG_CANDIDATE
354-color-hexagonal-architecture.md,72,5,11,n=6; sigma*(sigma-phi)=120; sigma*sopfr=60; sigma-phi=10; sopfr=5,STRONG_CANDIDATE
H-CX-168-thirteen-observation-limit.md,72,5,5,J2-tau=20; n=6; sigma+mu=13; sigma=12; sopfr=5,STRONG_CANDIDATE
H-EE-72-why-something.md,71,7,21,J2=24; n=6; sigma*n=72; sigma-sopfr=7; sigma-tau=8; sigma=12; sopfr=5,STRONG_CANDIDATE
H-EE-15-jordan-leech-moe.md,71,6,16,J2=24; n=6; sigma*(sigma-phi)=120; sigma*tau=48; sigma-tau=8; sigma=12,STRONG_CANDIDATE
H-EE-83-optimal-team-size.md,71,6,17,n=6; sigma-phi=10; sigma-sopfr=7; sigma-tau=8; sigma=12; sopfr=5,STRONG_CANDIDATE
H-SEDI-3-weinberg-angle-three-thirteenths.md,70,6,28,J2-tau=20; ln(4/3)=0.288; n=6; sigma+mu=13; sigma=12; sopfr=5,STRONG_CANDIDATE
H-SEDI-5-fine-structure-137.md,70,6,15,n=6; sigma-phi=10; sigma-sopfr=7; sigma-tau=8; sigma=12; sopfr=5,STRONG_CANDIDATE
H-EE-105-beyond-mathematics.md,70,3,21,J2=24; n=6; sigma=12,MODERATE
H-EE-91-second-perfect-number.md,70,3,24,n=6; sigma-sopfr=7; sigma=12,MODERATE
BRIDGE-004-golden-zone-quantum-gravity.md,69,7,9,1/(sigma-phi)=0.1; 1/e=0.368; 16/27_Betz; ln(4/3)=0.288; n=6; phi/tau=0.5; sopfr=5,STRONG_CANDIDATE
H-CX-9-topology-seven-phases.md,69,4,24,n=6; sigma-sopfr=7; sigma-tau=8; sopfr=5,MODERATE
H-EE-75-goldbach-fixed-point.md,69,1,23,n=6,WEAK
395-dolphin-circle-topology-h1.md,67,11,11,1/(sigma-phi)=0.1; 1/e=0.368; n=6; phi/tau=0.5; sigma*n=72; sigma*sopfr=60; sigma-phi=10; sigma-sopfr=7; sigma-tau=8; sigma=12; sopfr=5,STRONG_CANDIDATE
H-COIN-bitcoin-n6.md,66,7,20,n=6; sigma*n=72; sigma*sopfr=60; sigma-phi=10; sigma-tau=8; sigma=12; sopfr=5,STRONG_CANDIDATE
H-EE-107-confirmation-bias.md,65,7,18,ln(4/3)=0.288; n=6; sigma*(sigma-phi)=120; sigma-phi=10; sigma=12; sopfr=5; tau^2/sigma=4/3,STRONG_CANDIDATE
H-CX-430-mitosis-coproduct.md,65,5,11,1/e=0.368; 16/27_Betz; ln(4/3)=0.288; n=6; sopfr=5,STRONG_CANDIDATE
H-EE-74-twin-prime-constant.md,65,5,23,1/e=0.368; n=6; phi/tau=0.5; sigma=12; sopfr=5,STRONG_CANDIDATE
H-EE-81-dunbar-number.md,65,5,20,J2=24; n=6; sigma*tau=48; sigma=12; sigma^2=144,STRONG_CANDIDATE
H-EE-5-r-spectrum-training-efficiency.md,64,17,8,1/(sigma-phi)=0.1; 1/e=0.368; J2-tau=20; J2=24; ln(4/3)=0.288; n=6; phi/tau=0.5; phi^n=64; sigma*(sigma-phi)=120; sigma*sopfr=60; sigma+mu=13; sigma-mu=11; sigma-phi=10; sigma-sopfr=7; sigma-tau=8; sigma=12; sopfr=5,STRONG_CANDIDATE
349-axis-reversal-transition.md,64,15,0,1/(sigma-phi)=0.1; 16/27_Betz; J2-tau=20; ln(4/3)=0.288; n=6; phi/tau=0.5; sigma*sopfr=60; sigma+mu=13; sigma-mu=11; sigma-phi=10; sigma-sopfr=7; sigma-tau=8; sigma/sigma-phi=1.2; sigma=12; sopfr=5,STRONG_CANDIDATE
H-EE-79-carbon-is-six.md,64,2,19,n=6; sigma=12,WEAK
H-EE-102-qec-rate-third.md,63,8,19,1/(sigma-phi)=0.1; 1/e=0.368; ln(4/3)=0.288; n=6; phi/tau=0.5; sigma-sopfr=7; sigma=12; sopfr=5,STRONG_CANDIDATE
H-EE-95-alpha-failure.md,63,4,26,n=6; sigma-mu=11; sigma=12; sopfr=5,MODERATE
H-EE-87-gamma-wave.md,62,9,22,n=6; phi^n=64; sigma*n=72; sigma*sopfr=60; sigma*tau=48; sigma-tau=8; sigma=12; sigma^2=144; sopfr=5,STRONG_CANDIDATE
H-EE-70-quantum-entanglement-channels.md,62,2,16,n=6; sopfr=5,WEAK
376-structural-growth-via-mitosis.md,61,5,11,1/(sigma-phi)=0.1; n=6; sigma-tau=8; sigma=12; sopfr=5,STRONG_CANDIDATE
H-EE-14-dedekind-head-pruning.md,61,5,15,n=6; phi^n=64; sigma*(sigma-phi)=120; sigma-tau=8; sigma=12,STRONG_CANDIDATE
384-obang-fermat-primes.md,60,4,0,1/(sigma-phi)=0.1; sigma-phi=10; sigma-tau=8; sopfr=5,MODERATE
H-EE-73-riemann-critical-line.md,60,4,17,n=6; phi/tau=0.5; sigma=12; sopfr=5,MODERATE
H-MED-007-deep-eeg-spectral.md,59,11,5,1/e=0.368; J2-tau=20; ln(4/3)=0.288; n=6; phi/tau=0.5; sigma*sopfr=60; sigma-sopfr=7; sigma-tau=8; sigma/sigma-phi=1.2; sigma=12; sopfr=5,STRONG_CANDIDATE
ODE-001-painleve-golay-lorentz.md,59,6,16,J2=24; n=6; sigma-phi=10; sigma-sopfr=7; sigma-tau=8; sigma=12,STRONG_CANDIDATE
H-EE-85-five-brain-bands.md,59,5,14,n=6; phi/tau=0.5; sigma+mu=13; sigma-tau=8; sopfr=5,STRONG_CANDIDATE
H-SEDI-7-takens-dim6-optimal.md,59,5,2,n=6; sigma-phi=10; sigma-sopfr=7; sigma-tau=8; sopfr=5,STRONG_CANDIDATE
H-EE-41-string-theory-dimensions.md,59,4,17,n=6; sigma-mu=11; sigma-phi=10; sopfr=5,MODERATE
H-EE-67-corrigibility.md,59,2,20,n=6; sopfr=5,WEAK
H-EE-45-genetic-code.md,57,4,15,J2-tau=20; J2=24; n=6; phi^n=64,MODERATE
H-EE-84-protocol-layers.md,57,4,14,n=6; sigma-sopfr=7; sigma=12; sopfr=5,MODERATE
H-EE-94-finite-field-r-score.md,57,3,12,n=6; sigma=12; sopfr=5,MODERATE
nobel-level-predictions.md,56,14,8,1/e=0.368; J2-tau=20; J2=24; ln(4/3)=0.288; n=6; phi/tau=0.5; sigma*(sigma-phi)=120; sigma+mu=13; sigma-mu=11; sigma-phi=10; sigma-sopfr=7; sigma-tau=8; sigma=12; sopfr=5,STRONG_CANDIDATE
MEGA-001-p1plus1-universality.md,56,9,11,J2-tau=20; J2=24; n=6; sigma*sopfr=60; sigma-phi=10; sigma-sopfr=7; sigma-tau=8; sigma=12; sopfr=5,STRONG_CANDIDATE
386-obang-ohaeng-sangsaeng-sanggeuk.md,56,8,2,1/(sigma-phi)=0.1; 16/27_Betz; ln(4/3)=0.288; n=6; phi/tau=0.5; sigma-phi=10; sigma/sigma-phi=1.2; sopfr=5,STRONG_CANDIDATE
H-EE-104-discovery-inevitable.md,56,5,16,J2=24; n=6; sigma*sopfr=60; sigma-phi=10; sigma=12,STRONG_CANDIDATE
H-EE-109-math-not-physics.md,56,3,12,n=6; sigma=12; sopfr=5,MODERATE
H-EE-106-deeper-equation.md,56,2,20,n=6; sigma=12,WEAK
400-dolphin-thc-impossible-experiment.md,54,10,2,1/(sigma-phi)=0.1; 1/e=0.368; 16/27_Betz; J2-tau=20; ln(4/3)=0.288; n=6; phi/tau=0.5; phi^n=64; sigma-phi=10; sopfr=5,STRONG_CANDIDATE
H-CX-425-third-perfect-number-equation.md,54,8,10,J2=24; n=6; phi/tau=0.5; sigma-mu=11; sigma-phi=10; sigma-sopfr=7; sigma=12; sopfr=5,STRONG_CANDIDATE
H-CX-8-phase-acceleration-sigma-tau.md,54,6,19,J2=24; ln(4/3)=0.288; n=6; sigma-tau=8; sigma/sigma-phi=1.2; sigma=12,STRONG_CANDIDATE
H-EE-50-kolmogorov-self-description.md,54,2,18,n=6; sigma=12,WEAK
369-brainwave-frequency-bands.md,53,9,0,1/(sigma-phi)=0.1; J2-tau=20; ln(4/3)=0.288; n=6; phi/tau=0.5; sigma+mu=13; sigma-phi=10; sigma-tau=8; sopfr=5,STRONG_CANDIDATE
H-EE-82-civilization-cycles.md,52,9,17,J2-tau=20; J2=24; n=6; sigma*n=72; sigma*sopfr=60; sigma-mu=11; sigma-sopfr=7; sigma=12; sopfr=5,STRONG_CANDIDATE
H-EE-113-category-theory.md,52,5,12,n=6; sigma-phi=10; sigma-sopfr=7; sigma-tau=8; sopfr=5,STRONG_CANDIDATE
H-ARCH-crypto.md,51,8,15,J2-tau=20; J2=24; n=6; sigma-mu=11; sigma-phi=10; sigma-sopfr=7; sigma-tau=8; sopfr=5,STRONG_CANDIDATE
H-EE-46-atp-energy-quantum.md,50,4,14,1/e=0.368; ln(4/3)=0.288; n=6; sigma=12,MODERATE
H-CX-411-ph-bottleneck-information-bottleneck.md,49,13,0,1/(sigma-phi)=0.1; 1/e=0.368; 16/27_Betz; J2-tau=20; ln(4/3)=0.288; n=6; phi/tau=0.5; phi^n=64; sigma-phi=10; sigma-sopfr=7; sigma-tau=8; sigma/sigma-phi=1.2; sopfr=5,STRONG_CANDIDATE
H-EE-117-iterated-r-fixpoint.md,49,6,13,n=6; sigma*tau=48; sigma-phi=10; sigma-sopfr=7; sigma=12; sopfr=5,STRONG_CANDIDATE
H-ARCH-display.md,48,5,16,J2=24; n=6; sigma*sopfr=60; sigma-tau=8; sopfr=5,STRONG_CANDIDATE
392-dolphin-ttx-dual-consciousness.md,47,11,0,1/(sigma-phi)=0.1; 1/e=0.368; 16/27_Betz; ln(4/3)=0.288; n=6; phi/tau=0.5; sigma+mu=13; sigma-sopfr=7; sigma-tau=8; sigma^2=144; sopfr=5,STRONG_CANDIDATE
402-golden-moe-ph-routing.md,46,9,0,1/(sigma-phi)=0.1; 1/e=0.368; 16/27_Betz; ln(4/3)=0.288; n=6; phi/tau=0.5; sigma-phi=10; sigma-sopfr=7; sopfr=5,STRONG_CANDIDATE
H-CX-415-inter-tension-gauge-field.md,46,8,0,1/(sigma-phi)=0.1; J2-tau=20; n=6; phi/tau=0.5; sigma-phi=10; sigma-sopfr=7; sigma-tau=8; sopfr=5,STRONG_CANDIDATE
H-EE-76-monster-group.md,46,7,11,J2-tau=20; J2=24; n=6; sigma+mu=13; sigma-mu=11; sigma-sopfr=7; sopfr=5,STRONG_CANDIDATE
H-EE-80-four-bond-types.md,46,1,16,n=6,WEAK
H-EE-8-tau-predicts-performance.md,45,10,3,J2-tau=20; ln(4/3)=0.288; phi^n=64; sigma*(sigma-phi)=120; sigma*sopfr=60; sigma-mu=11; sigma-sopfr=7; sigma-tau=8; sigma=12; sopfr=5,STRONG_CANDIDATE
368-tension-natural-frequency.md,44,13,0,1/(sigma-phi)=0.1; 16/27_Betz; J2-tau=20; J2=24; ln(4/3)=0.288; n=6; phi/tau=0.5; phi^n=64; sigma-phi=10; sigma-sopfr=7; sigma-tau=8; sigma=12; sopfr=5,STRONG_CANDIDATE
391-dolphin-pufferfish-ttx-trance.md,44,13,0,1/(sigma-phi)=0.1; J2-tau=20; J2=24; ln(4/3)=0.288; n=6; phi/tau=0.5; sigma*sopfr=60; sigma+mu=13; sigma-phi=10; sigma-sopfr=7; sigma-tau=8; sigma^2=144; sopfr=5,STRONG_CANDIDATE
H-CX-412-ph-persistence-generalization-lifespan.md,44,11,1,1/(sigma-phi)=0.1; 1/e=0.368; 16/27_Betz; ln(4/3)=0.288; n=6; phi^n=64; sigma-phi=10; sigma-tau=8; sigma/sigma-phi=1.2; sopfr=5; tau^2/sigma=4/3,STRONG_CANDIDATE
387-obang-thc-five-element-modulation.md,44,9,0,1/(sigma-phi)=0.1; 1/e=0.368; 16/27_Betz; ln(4/3)=0.288; n=6; phi/tau=0.5; sigma-sopfr=7; sigma^2=144; sopfr=5,STRONG_CANDIDATE
399-human-ttx-fugu-consciousness.md,44,9,0,1/(sigma-phi)=0.1; 16/27_Betz; J2-tau=20; ln(4/3)=0.288; n=6; phi/tau=0.5; sigma-phi=10; sigma-tau=8; sopfr=5,STRONG_CANDIDATE
326-telepathy-displacement-sweep.md,43,9,0,1/(sigma-phi)=0.1; 16/27_Betz; J2-tau=20; ln(4/3)=0.288; n=6; phi/tau=0.5; sigma-mu=11; sigma-sopfr=7; sopfr=5,STRONG_CANDIDATE
H-SEDI-10-tension-rfilter-anomaly.md,43,8,8,1/e=0.368; ln(4/3)=0.288; n=6; phi/tau=0.5; sigma-phi=10; sigma-sopfr=7; sigma-tau=8; sopfr=5,STRONG_CANDIDATE
H-EE-120-completeness.md,43,6,11,J2=24; n=6; sigma*(sigma-phi)=120; sigma=12; sigma^2=144; sopfr=5,STRONG_CANDIDATE
327-golden-moe-tension-ppl.md,42,10,9,1/(sigma-phi)=0.1; 16/27_Betz; J2-tau=20; ln(4/3)=0.288; n=6; phi/tau=0.5; sigma+mu=13; sigma-phi=10; sigma=12; sopfr=5,STRONG_CANDIDATE
295-mitosis-tda-topology.md,42,9,0,J2-tau=20; n=6; sigma*(sigma-phi)=120; sigma*sopfr=60; sigma-mu=11; sigma-phi=10; sigma-sopfr=7; sigma=12; sopfr=5,STRONG_CANDIDATE
249-quantum-math-crossroads.md,42,7,0,1/(sigma-phi)=0.1; n=6; sigma-mu=11; sigma-phi=10; sigma-sopfr=7; sigma-tau=8; sopfr=5,STRONG_CANDIDATE
H-COMP-7-tcp-window.md,42,5,8,n=6; sigma-phi=10; sigma-sopfr=7; sigma=12; sopfr=5,STRONG_CANDIDATE
H-WAVE-3-string-harmonics-perfect-resonance.md,42,3,11,n=6; sigma=12; sopfr=5,MODERATE
H-EE-88-optimal-hypothesis-count.md,42,2,14,n=6; sigma=12,WEAK
NGH-012-phi-p2-sigma-p1-bridge.md,42,2,15,n=6; sigma=12,WEAK
405-animalm-expert-topological-specialization.md,41,13,0,1/(sigma-phi)=0.1; 1/e=0.368; ln(4/3)=0.288; n=6; phi/tau=0.5; sigma+mu=13; sigma-mu=11; sigma-phi=10; sigma-sopfr=7; sigma-tau=8; sigma/sigma-phi=1.2; sigma=12; sopfr=5,STRONG_CANDIDATE
H-SIM-6-wavefunction-collapse-lazy-evaluation.md,41,12,0,1/(sigma-phi)=0.1; 1/e=0.368; 16/27_Betz; J2=24; ln(4/3)=0.288; n=6; phi/tau=0.5; phi^n=64; sigma+mu=13; sigma-phi=10; sigma-tau=8; sopfr=5,STRONG_CANDIDATE
H-CX-426-zeta-sigma-pi-connection.md,41,8,1,16/27_Betz; ln(4/3)=0.288; n=6; sigma-phi=10; sigma-sopfr=7; sigma=12; sigma^2=144; sopfr=5,STRONG_CANDIDATE
H-EE-58-big-bang-phase-transition.md,41,5,11,n=6; sigma*sopfr=60; sigma-phi=10; sigma=12; sopfr=5,STRONG_CANDIDATE
H-ARCH-languages.md,41,3,11,n=6; sigma-tau=8; sopfr=5,MODERATE
H-CX-429-tension-morphism-complexity.md,40,10,0,1/(sigma-phi)=0.1; ln(4/3)=0.288; n=6; phi/tau=0.5; sigma+mu=13; sigma-sopfr=7; sigma-tau=8; sigma=12; sopfr=5; tau^2/sigma=4/3,STRONG_CANDIDATE
201-periodic-table-comparison.md,40,9,0,J2-tau=20; J2=24; n=6; sigma*sopfr=60; sigma+mu=13; sigma-phi=10; sigma-sopfr=7; sigma-tau=8; sopfr=5,STRONG_CANDIDATE
380-obang-five-senses-consciousness.md,40,7,0,1/e=0.368; ln(4/3)=0.288; n=6; sigma-phi=10; sigma-sopfr=7; sigma-tau=8; sopfr=5,STRONG_CANDIDATE
H-WAVE-7-qho-sixth-prime.md,40,6,6,n=6; sigma+mu=13; sigma-mu=11; sigma-sopfr=7; sigma-tau=8; sopfr=5,STRONG_CANDIDATE
H-EE-57-causal-light-cone.md,40,4,13,J2=24; n=6; sigma-phi=10; sigma-tau=8,MODERATE
H-EE-64-golden-ratio-analogy.md,40,3,16,n=6; phi^n=64; sopfr=5,MODERATE
219-prime-gap-golden-width.md,39,12,0,16/27_Betz; J2-tau=20; ln(4/3)=0.288; n=6; sigma+mu=13; sigma-mu=11; sigma-phi=10; sigma-sopfr=7; sigma-tau=8; sigma/sigma-phi=1.2; sopfr=5; tau^2/sigma=4/3,STRONG_CANDIDATE
244-universality-class.md,39,9,0,1/(sigma-phi)=0.1; 1/e=0.368; 16/27_Betz; ln(4/3)=0.288; n=6; phi/tau=0.5; sigma-phi=10; sigma-sopfr=7; sopfr=5,STRONG_CANDIDATE
247-dual-brain-callosum.md,39,8,0,1/(sigma-phi)=0.1; 1/e=0.368; 16/27_Betz; phi/tau=0.5; sigma-phi=10; sigma/sigma-phi=1.2; sigma=12; sopfr=5,STRONG_CANDIDATE
H-EE-114-arithmetic-multiverse.md,39,4,10,n=6; sigma-sopfr=7; sigma=12; sopfr=5,MODERATE
H-EE-77-periodic-table-periods.md,39,4,8,n=6; sigma-phi=10; sigma-sopfr=7; sigma-tau=8,MODERATE
H-EE-92-generalized-balance.md,39,3,14,J2=24; n=6; sigma^2=144,MODERATE
345-inverted-u-curve-form.md,38,9,2,1/(sigma-phi)=0.1; 16/27_Betz; ln(4/3)=0.288; n=6; phi/tau=0.5; sigma-phi=10; sigma-tau=8; sigma=12; sopfr=5,STRONG_CANDIDATE
H-CX-445-spectral-gap-tension-gap.md,38,9,2,1/e=0.368; J2-tau=20; ln(4/3)=0.288; n=6; phi^n=64; sigma-phi=10; sigma-sopfr=7; sigma-tau=8; sopfr=5,STRONG_CANDIDATE
H-CROSS-3-valence-ensemble.md,38,7,9,n=6; sigma+mu=13; sigma-mu=11; sigma-phi=10; sigma-tau=8; sigma=12; sopfr=5,STRONG_CANDIDATE
H-EE-12-optimal-ffn-expansion-ratio.md,38,7,7,1/(sigma-phi)=0.1; ln(4/3)=0.288; n=6; phi^n=64; sigma=12; sopfr=5; tau^2/sigma=4/3,STRONG_CANDIDATE
H-HAIR-101-rna-therapeutics.md,38,7,3,1/(sigma-phi)=0.1; J2=24; n=6; sigma*(sigma-phi)=120; sigma*n=72; sigma-sopfr=7; sopfr=5,STRONG_CANDIDATE
GAL-001-solvability-fractal-dims.md,38,6,13,J2=24; n=6; sigma*sopfr=60; sigma-phi=10; sigma=12; sopfr=5,STRONG_CANDIDATE
H-CHIP-1-tensor-core-12x12.md,38,5,6,n=6; sigma-tau=8; sigma=12; sigma^2=144; sopfr=5,STRONG_CANDIDATE
097-llm-internal.md,37,11,0,1/(sigma-phi)=0.1; 1/e=0.368; 16/27_Betz; J2-tau=20; ln(4/3)=0.288; n=6; phi/tau=0.5; phi^n=64; sigma-sopfr=7; sigma-tau=8; sopfr=5,STRONG_CANDIDATE
378-obang-ohaeng-tension.md,37,3,5,n=6; sigma=12; sopfr=5,MODERATE
H-EE-63-zipf-law.md,37,3,8,J2=24; n=6; sigma=12,MODERATE
MUSIC-095-forte-number-hexachords.md,37,3,7,n=6; sigma=12; sopfr=5,MODERATE
158-brainwave-temperature.md,36,11,0,1/(sigma-phi)=0.1; 1/e=0.368; 16/27_Betz; J2-tau=20; ln(4/3)=0.288; phi/tau=0.5; sigma+mu=13; sigma-phi=10; sigma-tau=8; sigma/sigma-phi=1.2; sopfr=5,STRONG_CANDIDATE
H-CX-144-thc-gamma-suppression.md,36,10,9,1/(sigma-phi)=0.1; 16/27_Betz; J2-tau=20; ln(4/3)=0.288; n=6; phi/tau=0.5; sigma*sopfr=60; sigma=12; sigma^2=144; sopfr=5,STRONG_CANDIDATE
180-why-three-variables.md,36,9,7,1/(sigma-phi)=0.1; 16/27_Betz; ln(4/3)=0.288; n=6; phi/tau=0.5; sigma-phi=10; sigma-sopfr=7; sigma-tau=8; sopfr=5,STRONG_CANDIDATE
H-CX-506-consistency-selects-identity.md,36,9,4,1/(sigma-phi)=0.1; 1/e=0.368; 16/27_Betz; ln(4/3)=0.288; n=6; phi/tau=0.5; sigma-sopfr=7; sigma-tau=8; sopfr=5,STRONG_CANDIDATE
355-color-opponent-tension.md,36,5,4,n=6; sigma*sopfr=60; sigma=12; sopfr=5; tau^2/sigma=4/3,STRONG_CANDIDATE
H-CHIP-12-24-core.md,36,4,7,J2=24; n=6; sigma*tau=48; sigma=12,MODERATE
H-EE-34-bott-periodicity-depth.md,36,3,8,n=6; sigma-tau=8; sigma=12,MODERATE
191-planck-time-minimum.md,36,2,0,1/e=0.368; sigma-phi=10,WEAK
322-tree1-eeg-gamma.md,35,14,0,1/(sigma-phi)=0.1; 1/e=0.368; J2=24; ln(4/3)=0.288; n=6; phi/tau=0.5; phi^n=64; sigma*(sigma-phi)=120; sigma*sopfr=60; sigma+mu=13; sigma-phi=10; sigma-sopfr=7; sigma-tau=8; sopfr=5,STRONG_CANDIDATE
H-ARCH-network.md,35,3,9,n=6; sigma+mu=13; sigma-sopfr=7,MODERATE
065-mandelbrot-weak.md,34,12,0,1/(sigma-phi)=0.1; 1/e=0.368; 16/27_Betz; J2-tau=20; ln(4/3)=0.288; n=6; phi/tau=0.5; sigma-phi=10; sigma-sopfr=7; sigma-tau=8; sigma/sigma-phi=1.2; sopfr=5,STRONG_CANDIDATE
243-brain-data-survey.md,34,10,0,1/e=0.368; 16/27_Betz; J2-tau=20; ln(4/3)=0.288; n=6; phi/tau=0.5; sigma-phi=10; sigma-sopfr=7; sigma=12; sopfr=5,STRONG_CANDIDATE
052-bsd-no-structure.md,34,9,6,16/27_Betz; n=6; phi/tau=0.5; sigma+mu=13; sigma-mu=11; sigma-phi=10; sigma-sopfr=7; sigma-tau=8; sopfr=5,STRONG_CANDIDATE
H-CX-504-maxcal-ixi-derivation.md,34,8,2,1/(sigma-phi)=0.1; 1/e=0.368; J2-tau=20; n=6; phi/tau=0.5; sigma-sopfr=7; sigma-tau=8; sopfr=5,STRONG_CANDIDATE
H-AX-11-growth-r-phase-transitions.md,34,5,3,n=6; sigma-mu=11; sigma-tau=8; sigma=12; sopfr=5,STRONG_CANDIDATE
H-CX-443-small-world-golden-zone.md,34,5,11,ln(4/3)=0.288; n=6; phi/tau=0.5; phi^n=64; sopfr=5,STRONG_CANDIDATE
325-fisher-information-tension.md,33,10,0,J2-tau=20; J2=24; n=6; sigma*(sigma-phi)=120; sigma*tau=48; sigma+mu=13; sigma-phi=10; sigma-sopfr=7; sigma-tau=8; sopfr=5,STRONG_CANDIDATE
H-CX-23-rejection-improvement-law.md,33,4,2,J2=24; n=6; sigma-phi=10; sopfr=5,MODERATE
H-EE-39-golay-error-correction.md,33,4,6,J2=24; n=6; sigma-tau=8; sigma=12,MODERATE
H-EE-71-simulation-hypothesis.md,33,2,11,J2-tau=20; n=6,WEAK
347-sibling-recognition-decay.md,32,9,0,1/(sigma-phi)=0.1; J2-tau=20; n=6; sigma*sopfr=60; sigma-phi=10; sigma-tau=8; sigma/sigma-phi=1.2; sopfr=5; tau^2/sigma=4/3,STRONG_CANDIDATE
H-SEDI-6-rfilter-phase-transition.md,32,9,0,1/(sigma-phi)=0.1; J2=24; n=6; sigma*tau=48; sigma+mu=13; sigma-phi=10; sigma-sopfr=7; sigma=12; sopfr=5,STRONG_CANDIDATE
MUSIC-105-concert-pitch-A440.md,32,5,7,n=6; sigma-mu=11; sigma-tau=8; sigma=12; sopfr=5,STRONG_CANDIDATE
H-CX-510-self-referential-model-derivation.md,31,9,3,1/e=0.368; 16/27_Betz; J2-tau=20; ln(4/3)=0.288; n=6; phi/tau=0.5; sigma-sopfr=7; sigma-tau=8; sopfr=5,STRONG_CANDIDATE
H-CX-420-consensus-frequency-gamma.md,31,5,3,n=6; sigma-phi=10; sigma-tau=8; sigma=12; sopfr=5,STRONG_CANDIDATE
H-ARCH-audio.md,31,3,11,n=6; sigma*tau=48; sigma=12,MODERATE
234-world-model-dreaming.md,30,9,0,1/(sigma-phi)=0.1; 1/e=0.368; 16/27_Betz; J2-tau=20; J2=24; ln(4/3)=0.288; n=6; phi/tau=0.5; sopfr=5,STRONG_CANDIDATE
366-telepathy-field-propagation.md,30,7,0,16/27_Betz; J2-tau=20; n=6; sigma-phi=10; sigma-sopfr=7; sigma-tau=8; sopfr=5,STRONG_CANDIDATE
H-EE-37-sopfr5-minimal-observation.md,30,2,6,n=6; sopfr=5,WEAK
H-EE-53-spin-networks-leech.md,30,2,12,J2=24; n=6,WEAK
H-CX-439-landauer-mitosis-cost.md,29,9,0,1/(sigma-phi)=0.1; J2-tau=20; ln(4/3)=0.288; n=6; phi/tau=0.5; phi^n=64; sigma*sopfr=60; sigma-phi=10; sopfr=5,STRONG_CANDIDATE
281-tension-temporal-causation.md,29,6,0,16/27_Betz; n=6; sigma-phi=10; sigma-sopfr=7; sigma-tau=8; sopfr=5,STRONG_CANDIDATE
H-CX-435-zipf-golden-zone.md,29,6,0,1/(sigma-phi)=0.1; 1/e=0.368; 16/27_Betz; ln(4/3)=0.288; phi/tau=0.5; sopfr=5,STRONG_CANDIDATE
H-CX-10-sparsity-tension-entropy.md,29,4,10,16/27_Betz; J2=24; n=6; sigma-phi=10,MODERATE
H-EE-69-neutrino-mass-ratios.md,29,2,11,n=6; sigma-tau=8,WEAK
H-EE-49-godel-shadow.md,29,1,9,n=6,WEAK
H-CX-12-mitosis-golden-ratio.md,28,10,2,1/(sigma-phi)=0.1; 1/e=0.368; J2=24; ln(4/3)=0.288; n=6; phi/tau=0.5; sigma-phi=10; sigma-tau=8; sigma/sigma-phi=1.2; sigma=12,STRONG_CANDIDATE
H-EE-16-mobius-squarefree-flow.md,28,5,6,n=6; phi^n=64; sigma*(sigma-phi)=120; sigma-tau=8; sopfr=5,STRONG_CANDIDATE
H-ARCH-database.md,28,3,9,n=6; sigma-sopfr=7; sopfr=5,MODERATE
H-EE-42-hubble-constant.md,28,3,8,n=6; phi/tau=0.5; sigma=12,MODERATE
H-EE-43-proton-electron-mass.md,28,3,6,n=6; sigma-mu=11; sopfr=5,MODERATE
MEGA-003-complexity-threshold-theorem.md,28,2,10,n=6; sopfr=5,WEAK
246-consciousness-continuity.md,27,11,0,1/e=0.368; 16/27_Betz; ln(4/3)=0.288; n=6; sigma+mu=13; sigma-mu=11; sigma-phi=10; sigma-sopfr=7; sigma-tau=8; sigma=12; sopfr=5,STRONG_CANDIDATE
H-CX-17-specialization-emergence.md,27,10,0,1/e=0.368; 16/27_Betz; J2-tau=20; ln(4/3)=0.288; n=6; phi/tau=0.5; sigma-phi=10; sigma-sopfr=7; sigma-tau=8; sopfr=5,STRONG_CANDIDATE
356-habituation-novelty-filter.md,27,9,0,1/(sigma-phi)=0.1; 1/e=0.368; 16/27_Betz; J2-tau=20; ln(4/3)=0.288; phi/tau=0.5; phi^n=64; sigma-phi=10; sopfr=5,STRONG_CANDIDATE
367-telepathy-resonance-synchronization.md,27,9,3,1/(sigma-phi)=0.1; 16/27_Betz; J2-tau=20; n=6; phi/tau=0.5; sigma*sopfr=60; sigma-phi=10; sigma-sopfr=7; sopfr=5,STRONG_CANDIDATE
404-animalm-golden-moe-improvement-verification.md,27,9,0,1/e=0.368; ln(4/3)=0.288; n=6; phi/tau=0.5; phi^n=64; sigma-phi=10; sigma-sopfr=7; sigma-tau=8; sopfr=5,STRONG_CANDIDATE
H-EE-112-l-function-connection.md,27,2,9,n=6; sigma=12,WEAK
H-CX-27-tension-scale-ln4.md,26,10,0,1/(sigma-phi)=0.1; J2-tau=20; J2=24; ln(4/3)=0.288; phi/tau=0.5; sigma*sopfr=60; sigma-phi=10; sigma-sopfr=7; sopfr=5; tau^2/sigma=4/3,STRONG_CANDIDATE
210-brainwave-sync.md,26,9,0,1/e=0.368; 16/27_Betz; ln(4/3)=0.288; n=6; phi/tau=0.5; sigma+mu=13; sigma-phi=10; sigma-tau=8; sopfr=5,STRONG_CANDIDATE
351-unanimity-upper-bound.md,26,8,0,ln(4/3)=0.288; n=6; phi/tau=0.5; sigma+mu=13; sigma-mu=11; sigma-sopfr=7; sigma-tau=8; sopfr=5,STRONG_CANDIDATE
397-ttx-zombie-near-death-consciousness.md,26,8,0,1/(sigma-phi)=0.1; ln(4/3)=0.288; n=6; phi/tau=0.5; sigma-phi=10; sigma-sopfr=7; sigma-tau=8; sopfr=5,STRONG_CANDIDATE
H-CX-410-ph-barcode-memory-fingerprint.md,26,8,0,16/27_Betz; phi/tau=0.5; phi^n=64; sigma-mu=11; sigma-phi=10; sigma-tau=8; sigma=12; sopfr=5,STRONG_CANDIDATE
H-AX-12-perfect-balance-consciousness.md,26,7,3,ln(4/3)=0.288; n=6; sigma-mu=11; sigma-sopfr=7; sigma-tau=8; sigma=12; sopfr=5,STRONG_CANDIDATE
H-CX-62-topological-precognition.md,26,5,0,n=6; sigma-phi=10; sigma-sopfr=7; sigma-tau=8; sopfr=5,STRONG_CANDIDATE
HOM-001-hopf-homotopy-mobius.md,26,4,9,n=6; sigma-sopfr=7; sigma-tau=8; sigma=12,MODERATE
H-EE-116-string-landscape-discretized.md,25,4,6,n=6; sigma-phi=10; sigma/sigma-phi=1.2; sopfr=5,MODERATE
H-EE-47-cortical-columns-leech.md,25,4,10,J2=24; n=6; sigma*(sigma-phi)=120; sigma=12,MODERATE
289-primes-highest-tension.md,25,3,10,J2=24; n=6; sopfr=5,MODERATE
H-EE-30-four-phase-transitions.md,25,2,8,n=6; sigma-phi=10,WEAK
H-EE-99-lhc-37gev.md,25,2,8,n=6; sigma=12,WEAK
H-EE-27-rg-flow-fixed-point.md,25,1,8,n=6,WEAK
251-quantum-immortality.md,24,10,0,16/27_Betz; J2-tau=20; ln(4/3)=0.288; n=6; phi/tau=0.5; sigma-phi=10; sigma-sopfr=7; sigma-tau=8; sigma=12; sopfr=5,STRONG_CANDIDATE
352-observation-quality-u-curve.md,24,9,0,J2-tau=20; ln(4/3)=0.288; n=6; sigma*(sigma-phi)=120; sigma*sopfr=60; sigma-phi=10; sigma-sopfr=7; sigma-tau=8; sopfr=5,STRONG_CANDIDATE
H-CX-450-raw-data-confusion-topology.md,24,9,0,1/(sigma-phi)=0.1; ln(4/3)=0.288; phi/tau=0.5; sigma+mu=13; sigma-mu=11; sigma-sopfr=7; sigma-tau=8; sigma=12; sopfr=5,STRONG_CANDIDATE
H-ROB-10-gait-phase-transition.md,24,7,1,1/e=0.368; J2-tau=20; n=6; phi/tau=0.5; sigma-phi=10; sigma-tau=8; sopfr=5,STRONG_CANDIDATE
H-CX-18-dual-tension-duality.md,24,6,4,J2=24; n=6; sigma-sopfr=7; sigma-tau=8; sigma=12; sopfr=5,STRONG_CANDIDATE
H-EE-54-quantum-error-correction-ratio.md,24,3,8,n=6; sigma-phi=10; sopfr=5,MODERATE
H-COMP-5-gc-generations.md,24,2,8,n=6; sopfr=5,WEAK
248-flash-quantum-consciousness.md,23,9,0,1/e=0.368; 16/27_Betz; ln(4/3)=0.288; n=6; phi/tau=0.5; sigma-phi=10; sigma-sopfr=7; sigma-tau=8; sopfr=5,STRONG_CANDIDATE
H-CX-414-tension-phase-transition.md,23,9,0,1/(sigma-phi)=0.1; 16/27_Betz; J2-tau=20; ln(4/3)=0.288; n=6; phi/tau=0.5; sigma-phi=10; sopfr=5; tau^2/sigma=4/3,STRONG_CANDIDATE
212-atmosphere-math.md,23,8,0,1/(sigma-phi)=0.1; 1/e=0.368; 16/27_Betz; J2-tau=20; ln(4/3)=0.288; phi/tau=0.5; sigma-phi=10; sopfr=5,STRONG_CANDIDATE
364-distributed-consciousness.md,23,8,0,1/(sigma-phi)=0.1; 16/27_Betz; J2-tau=20; ln(4/3)=0.288; n=6; phi/tau=0.5; sigma-phi=10; sopfr=5,STRONG_CANDIDATE
213-music-resonance.md,23,6,0,1/(sigma-phi)=0.1; 1/e=0.368; 16/27_Betz; ln(4/3)=0.288; phi/tau=0.5; sopfr=5,STRONG_CANDIDATE
H-EE-101-neuromorphic-1w.md,23,4,7,1/(sigma-phi)=0.1; ln(4/3)=0.288; n=6; sopfr=5,MODERATE
H-ARCH-os.md,23,3,6,n=6; phi^n=64; sopfr=5,MODERATE
H-COMP-6-thread-pool.md,23,1,5,n=6,WEAK
H-ROB-9-confusion-grasp-failure.md,22,8,0,16/27_Betz; ln(4/3)=0.288; n=6; phi/tau=0.5; sigma*sopfr=60; sigma-phi=10; sigma-sopfr=7; sopfr=5,STRONG_CANDIDATE
H-CX-70-singularity-closure-loops.md,22,7,1,1/(sigma-phi)=0.1; J2-tau=20; ln(4/3)=0.288; n=6; phi/tau=0.5; phi^n=64; sigma-phi=10,STRONG_CANDIDATE
161-left-right-brain.md,22,5,0,1/(sigma-phi)=0.1; 1/e=0.368; 16/27_Betz; ln(4/3)=0.288; phi/tau=0.5,STRONG_CANDIDATE
H-EE-89-occam-razor-arithmetic.md,22,4,3,n=6; sigma-sopfr=7; sigma=12; sopfr=5,MODERATE
H-EE-93-p-adic-solutions.md,22,1,8,n=6,WEAK
H-EE-13-depth-scaling-phi6simple.md,21,8,0,1/e=0.368; n=6; phi^n=64; sigma*tau=48; sigma+mu=13; sigma-phi=10; sigma-tau=8; sopfr=5,STRONG_CANDIDATE
343-observer-scale-optimization.md,21,7,0,1/(sigma-phi)=0.1; 1/e=0.368; 16/27_Betz; ln(4/3)=0.288; phi/tau=0.5; sigma-phi=10; sigma/sigma-phi=1.2,STRONG_CANDIDATE
H-CX-14-anomaly-lens-telescope.md,21,7,4,1/e=0.368; J2-tau=20; n=6; phi/tau=0.5; sigma-phi=10; sigma=12; sopfr=5,STRONG_CANDIDATE
H-EE-11-combined-architecture.md,21,7,2,1/(sigma-phi)=0.1; 1/e=0.368; phi^n=64; sigma*(sigma-phi)=120; sigma-mu=11; sigma-tau=8; sopfr=5,STRONG_CANDIDATE
H-CX-63-multilens-precognition.md,21,6,2,16/27_Betz; n=6; phi/tau=0.5; phi^n=64; sigma-phi=10; sopfr=5,STRONG_CANDIDATE
267-collective-phase-transition.md,21,5,0,n=6; sigma-mu=11; sigma-sopfr=7; sigma-tau=8; sopfr=5,STRONG_CANDIDATE
H-EE-44-dark-energy-fraction.md,21,2,8,1/e=0.368; n=6,WEAK
167-verifiable-predictions.md,20,7,0,16/27_Betz; n=6; phi/tau=0.5; sigma-phi=10; sigma-sopfr=7; sigma-tau=8; sopfr=5,STRONG_CANDIDATE
H-EE-19-mertens-dropout.md,20,6,1,1/(sigma-phi)=0.1; ln(4/3)=0.288; n=6; phi/tau=0.5; sigma*(sigma-phi)=120; sigma=12,STRONG_CANDIDATE
H-EE-23-phi-flops-conjecture.md,20,4,4,n=6; sigma*(sigma-phi)=120; sigma*tau=48; sigma=12,MODERATE
H-EE-29-attractor-dimension-6.md,20,2,3,n=6; sigma-sopfr=7,WEAK
356-color-constancy-rchain.md,19,9,1,1/(sigma-phi)=0.1; n=6; phi/tau=0.5; sigma*(sigma-phi)=120; sigma*sopfr=60; sigma-phi=10; sigma-sopfr=7; sigma-tau=8; sopfr=5,STRONG_CANDIDATE
403-animalm-golden-moe-ph-unified.md,19,9,0,1/(sigma-phi)=0.1; 1/e=0.368; ln(4/3)=0.288; n=6; sigma-mu=11; sigma-phi=10; sigma-sopfr=7; sigma-tau=8; sopfr=5,STRONG_CANDIDATE
011-z-max-86.md,19,7,0,1/(sigma-phi)=0.1; J2-tau=20; ln(4/3)=0.288; phi/tau=0.5; sigma+mu=13; sigma-mu=11; sigma-phi=10,STRONG_CANDIDATE
194-time-consciousness-golden.md,19,7,0,1/(sigma-phi)=0.1; 1/e=0.368; 16/27_Betz; ln(4/3)=0.288; phi/tau=0.5; sigma-phi=10; sigma-tau=8,STRONG_CANDIDATE
H-EE-10-phi-bottleneck-moe.md,19,7,0,1/e=0.368; J2=24; phi^n=64; sigma*tau=48; sigma-phi=10; sigma-tau=8; sopfr=5,STRONG_CANDIDATE
H-CX-60-aberration-precognition.md,19,5,0,n=6; sigma*sopfr=60; sigma-sopfr=7; sigma-tau=8; sopfr=5,STRONG_CANDIDATE
354-homeostasis-tension-regulation.md,19,4,0,1/(sigma-phi)=0.1; 1/e=0.368; phi/tau=0.5; sigma-phi=10,MODERATE
382-obang-euler-five-constants.md,19,4,2,1/(sigma-phi)=0.1; 1/e=0.368; n=6; sopfr=5,MODERATE
H-CROSS-2-lah-attention.md,19,4,4,J2=24; n=6; sigma-sopfr=7; sigma=12,MODERATE
H-EE-100-nas-discovers-4thirds.md,19,4,5,n=6; sigma-tau=8; sigma/sigma-phi=1.2; sopfr=5,MODERATE
401-animalm-ph-correction.md,18,11,0,16/27_Betz; J2-tau=20; ln(4/3)=0.288; n=6; phi/tau=0.5; sigma-phi=10; sigma-sopfr=7; sigma-tau=8; sigma/sigma-phi=1.2; sigma=12; sopfr=5,STRONG_CANDIDATE
H-CX-147-thc-dose-ph-threshold.md,18,10,0,1/(sigma-phi)=0.1; 1/e=0.368; J2-tau=20; ln(4/3)=0.288; phi/tau=0.5; sigma-phi=10; sigma-tau=8; sigma=12; sigma^2=144; sopfr=5,STRONG_CANDIDATE
308-selfref-anomaly-negligible.md,18,9,0,1/(sigma-phi)=0.1; 16/27_Betz; J2=24; ln(4/3)=0.288; phi/tau=0.5; sigma-phi=10; sigma-tau=8; sigma/sigma-phi=1.2; sopfr=5,STRONG_CANDIDATE
235-world-model-causality.md,18,8,0,1/e=0.368; J2-tau=20; ln(4/3)=0.288; phi/tau=0.5; phi^n=64; sigma*n=72; sigma*sopfr=60; sigma-phi=10,STRONG_CANDIDATE
342-causal-difficulty-proportional.md,18,7,0,J2-tau=20; n=6; sigma-phi=10; sigma-sopfr=7; sigma-tau=8; sigma=12; sopfr=5,STRONG_CANDIDATE
H-CX-505-complete-proof.md,18,7,4,1/e=0.368; ln(4/3)=0.288; n=6; sigma*n=72; sigma-phi=10; sigma-tau=8; sopfr=5,STRONG_CANDIDATE
H-SEDI-9-entropy-confusion-generalization.md,18,6,0,n=6; phi/tau=0.5; sigma-phi=10; sigma-sopfr=7; sigma-tau=8; sopfr=5,STRONG_CANDIDATE
233-world-model-vs-llm.md,18,5,0,1/(sigma-phi)=0.1; 1/e=0.368; ln(4/3)=0.288; phi/tau=0.5; sigma-sopfr=7,STRONG_CANDIDATE
H-EE-55-grand-unification.md,18,3,6,J2-tau=20; n=6; phi^n=64,MODERATE
220-prime-staircase.md,17,10,0,1/(sigma-phi)=0.1; J2-tau=20; n=6; sigma*sopfr=60; sigma+mu=13; sigma-mu=11; sigma-phi=10; sigma-sopfr=7; sigma-tau=8; sopfr=5,STRONG_CANDIDATE
H-CX-26-tension-calibration.md,17,9,0,1/(sigma-phi)=0.1; 16/27_Betz; J2=24; n=6; sigma-phi=10; sigma-sopfr=7; sigma-tau=8; sigma=12; sopfr=5,STRONG_CANDIDATE
H-EE-3-phi6-training-stability.md,17,7,0,1/(sigma-phi)=0.1; 1/e=0.368; n=6; phi/tau=0.5; sigma-phi=10; sigma-sopfr=7; sopfr=5,STRONG_CANDIDATE
085-pi-n-unification.md,17,6,3,1/(sigma-phi)=0.1; 1/e=0.368; ln(4/3)=0.288; n=6; phi/tau=0.5; sigma-mu=11,STRONG_CANDIDATE
323-tree5-multimodal.md,17,5,0,1/(sigma-phi)=0.1; ln(4/3)=0.288; phi/tau=0.5; sigma-sopfr=7; sopfr=5,STRONG_CANDIDATE
H-CX-451-pca-confusion-prediction.md,17,5,0,1/e=0.368; 16/27_Betz; J2-tau=20; sigma-phi=10; sopfr=5,STRONG_CANDIDATE
H-CX-67-synergy-golden-zone.md,17,5,0,1/(sigma-phi)=0.1; 1/e=0.368; 16/27_Betz; ln(4/3)=0.288; phi/tau=0.5,STRONG_CANDIDATE
H-EE-48-hrv-fractal-dimension.md,17,5,3,n=6; sigma*tau=48; sigma-sopfr=7; sigma-tau=8; sopfr=5,STRONG_CANDIDATE
H-CX-448-ffn-ratio-ph-topology.md,17,4,2,n=6; sigma-phi=10; sigma=12; tau^2/sigma=4/3,MODERATE
H-EE-17-carmichael-lr-cycle.md,17,4,3,1/(sigma-phi)=0.1; n=6; sigma*(sigma-phi)=120; sigma=12,MODERATE
H-CX-bridge-white-circles-iter7.md,17,3,4,1/e=0.368; n=6; sigma-sopfr=7,MODERATE
H-EE-31-holographic-leech.md,17,1,5,J2=24,WEAK
H-EE-40-spectral-gap-optimal-mixing.md,17,1,6,n=6,WEAK
015-diffusion-inconclusive.md,16,10,0,1/(sigma-phi)=0.1; 1/e=0.368; 16/27_Betz; J2-tau=20; ln(4/3)=0.288; phi/tau=0.5; sigma+mu=13; sigma-phi=10; sigma-tau=8; sopfr=5,STRONG_CANDIDATE
288-dense-sparse-dichotomy.md,16,8,0,1/(sigma-phi)=0.1; ln(4/3)=0.288; n=6; phi/tau=0.5; sigma-mu=11; sigma-phi=10; sigma-tau=8; sopfr=5,STRONG_CANDIDATE
153-hubble-tension.md,16,7,0,J2-tau=20; ln(4/3)=0.288; n=6; phi/tau=0.5; sigma-phi=10; sigma-tau=8; sopfr=5,STRONG_CANDIDATE
200d-dmt.md,16,7,0,1/(sigma-phi)=0.1; 16/27_Betz; ln(4/3)=0.288; n=6; phi/tau=0.5; sopfr=5; tau^2/sigma=4/3,STRONG_CANDIDATE
328-gnn-repulsion-toxicity.md,16,7,0,1/(sigma-phi)=0.1; 1/e=0.368; 16/27_Betz; ln(4/3)=0.288; phi/tau=0.5; sigma=12; sopfr=5,STRONG_CANDIDATE
357-intention-goal-setting.md,16,6,0,1/(sigma-phi)=0.1; 16/27_Betz; ln(4/3)=0.288; phi/tau=0.5; sigma-phi=10; sopfr=5,STRONG_CANDIDATE
155-gaba-inhibition.md,16,5,0,1/e=0.368; 16/27_Betz; ln(4/3)=0.288; phi/tau=0.5; sigma/sigma-phi=1.2,STRONG_CANDIDATE
H-EE-32-kissing-number-architectures.md,16,4,6,n=6; sigma+mu=13; sigma-sopfr=7; sopfr=5,MODERATE
H-CX-110-sigma6-12-complete-partition.md,16,3,2,n=6; sigma+mu=13; sigma=12,MODERATE
H-EE-108-finite-size-effect.md,16,2,5,n=6; sopfr=5,WEAK
350-fiber-displacement-constant.md,15,8,1,1/e=0.368; ln(4/3)=0.288; n=6; sigma-phi=10; sigma-sopfr=7; sigma-tau=8; sigma/sigma-phi=1.2; sopfr=5,STRONG_CANDIDATE
363-intrinsic-motivation-tension-delta.md,15,8,2,16/27_Betz; n=6; sigma*(sigma-phi)=120; sigma-mu=11; sigma-phi=10; sigma-sopfr=7; sigma-tau=8; sopfr=5,STRONG_CANDIDATE
163-pre-bigbang-i-infinity.md,15,6,0,1/e=0.368; ln(4/3)=0.288; phi/tau=0.5; sigma*sopfr=60; sigma-phi=10; sopfr=5,STRONG_CANDIDATE
H-CX-65-aberration-topological-correction.md,15,6,0,1/(sigma-phi)=0.1; 1/e=0.368; ln(4/3)=0.288; phi/tau=0.5; sigma*sopfr=60; sigma-phi=10,STRONG_CANDIDATE
H-EE-2-phi6-gradient-centering.md,15,6,0,1/e=0.368; J2-tau=20; ln(4/3)=0.288; phi/tau=0.5; sigma-phi=10; sopfr=5,STRONG_CANDIDATE
H-CX-152-rosch-prototype-ph.md,15,5,0,1/(sigma-phi)=0.1; 16/27_Betz; ln(4/3)=0.288; sigma-phi=10; sopfr=5,STRONG_CANDIDATE
EVOL-010-mutation-rate-per-generation.md,15,3,0,sigma-phi=10; sigma-tau=8; sigma/sigma-phi=1.2,MODERATE
H-CHIP-30-quantum-gates.md,15,3,4,n=6; sigma-sopfr=7; sopfr=5,MODERATE
H-EE-33-modular-form-loss-topology.md,15,2,5,J2=24; sigma=12,WEAK
211-collective-intelligence.md,14,6,0,16/27_Betz; J2-tau=20; sigma*sopfr=60; sigma-phi=10; sigma-sopfr=7; sopfr=5,STRONG_CANDIDATE
H-ROB-12-gauge-invariance-coordinates.md,14,6,0,ln(4/3)=0.288; n=6; sigma-phi=10; sigma-sopfr=7; sigma-tau=8; sigma=12,STRONG_CANDIDATE
H-SIM-5-quantum-entanglement-shared-pointer.md,14,6,2,1/e=0.368; n=6; phi/tau=0.5; sigma*(sigma-phi)=120; sigma-phi=10; sopfr=5,STRONG_CANDIDATE
231-world-model-golden-zone.md,14,5,0,1/e=0.368; ln(4/3)=0.288; phi/tau=0.5; sigma-sopfr=7; sigma-tau=8,STRONG_CANDIDATE
H-WAVE-1-purefield-interference.md,14,5,0,n=6; phi/tau=0.5; sigma*(sigma-phi)=120; sigma*sopfr=60; sopfr=5,STRONG_CANDIDATE
146-decoherence-inhibition.md,14,4,0,1/(sigma-phi)=0.1; 1/e=0.368; ln(4/3)=0.288; sigma-phi=10,MODERATE
273-euclidean-triangle-weights.md,14,4,0,1/e=0.368; n=6; phi/tau=0.5; sopfr=5,MODERATE
H-CHIP-35-photonic-tensor-core.md,14,3,3,n=6; sigma*(sigma-phi)=120; sigma=12,MODERATE
H-EE-66-deceptive-alignment.md,14,1,6,n=6,WEAK
H-CX-428-purefield-functor.md,13,9,0,1/(sigma-phi)=0.1; J2-tau=20; J2=24; phi^n=64; sigma*tau=48; sigma-phi=10; sigma-tau=8; sigma=12; sopfr=5,STRONG_CANDIDATE
209-mirror-neurons.md,13,8,0,1/(sigma-phi)=0.1; 1/e=0.368; 16/27_Betz; J2-tau=20; ln(4/3)=0.288; phi/tau=0.5; sigma-phi=10; sopfr=5,STRONG_CANDIDATE
H-CX-446-spectral-ph-tension-bridge.md,13,8,0,1/(sigma-phi)=0.1; 16/27_Betz; ln(4/3)=0.288; n=6; sigma-phi=10; sigma-sopfr=7; sigma-tau=8; sopfr=5,STRONG_CANDIDATE
215-prime-distribution.md,13,7,0,1/(sigma-phi)=0.1; 16/27_Betz; J2-tau=20; ln(4/3)=0.288; n=6; phi/tau=0.5; sigma-phi=10,STRONG_CANDIDATE
266-empathy-tension-inverse.md,13,7,0,1/(sigma-phi)=0.1; ln(4/3)=0.288; n=6; sigma-phi=10; sigma-sopfr=7; sigma-tau=8; sopfr=5,STRONG_CANDIDATE
H-CX-58-precognition-lens.md,13,4,2,16/27_Betz; phi/tau=0.5; sigma/sigma-phi=1.2; sopfr=5,MODERATE
306-quad-pole-anomaly.md,13,3,3,n=6; phi^n=64; sigma-phi=10,MODERATE
139-edge-of-chaos.md,13,2,0,ln(4/3)=0.288; phi/tau=0.5,WEAK
H-CX-164-five-cubed-ph-quantization.md,13,2,1,phi^n=64; sopfr=5,WEAK
H-EE-65-ai-alignment-rscore.md,13,1,5,n=6,WEAK
358-attention-selective-tension.md,12,8,0,1/(sigma-phi)=0.1; 16/27_Betz; ln(4/3)=0.288; n=6; phi/tau=0.5; sigma-sopfr=7; sigma-tau=8; sopfr=5,STRONG_CANDIDATE
H-CX-421-bell-inequality-analog.md,12,7,1,1/e=0.368; ln(4/3)=0.288; n=6; phi/tau=0.5; phi^n=64; sigma-phi=10; sopfr=5,STRONG_CANDIDATE
H-EE-1-cyclotomic-activation-uniqueness.md,12,7,1,16/27_Betz; ln(4/3)=0.288; n=6; phi/tau=0.5; sigma-phi=10; sigma-sopfr=7; sopfr=5,STRONG_CANDIDATE
010-one-third-refuted.md,12,6,0,phi/tau=0.5; sigma+mu=13; sigma-mu=11; sigma-phi=10; sigma=12; sopfr=5,STRONG_CANDIDATE
203-molecular-structure.md,12,6,0,J2-tau=20; J2=24; n=6; sigma-phi=10; sigma-sopfr=7; sopfr=5,STRONG_CANDIDATE
348-cnn-repulsion-benefit.md,12,6,0,J2-tau=20; ln(4/3)=0.288; n=6; sigma*sopfr=60; sigma-phi=10; sopfr=5,STRONG_CANDIDATE
406-native-vs-converted-tension-dynamics.md,12,6,0,1/(sigma-phi)=0.1; ln(4/3)=0.288; phi/tau=0.5; sigma-phi=10; sigma-tau=8; sopfr=5,STRONG_CANDIDATE
NGH-013-consciousness-stack-10-levels.md,12,3,1,n=6; sigma+mu=13; sigma-phi=10,MODERATE
H-EE-56-arrow-of-time.md,12,1,4,n=6,WEAK
205-catalyst-plasticity.md,11,7,0,J2=24; n=6; phi/tau=0.5; sigma*sopfr=60; sigma-phi=10; sigma-sopfr=7; sopfr=5,STRONG_CANDIDATE
H-CX-413-tension-free-energy-friston.md,11,7,0,1/e=0.368; n=6; phi/tau=0.5; sigma-phi=10; sigma-sopfr=7; sigma-tau=8; sopfr=5,STRONG_CANDIDATE
371-correction-mitosis-synergy.md,11,5,0,16/27_Betz; J2=24; phi/tau=0.5; sigma-sopfr=7; sopfr=5,STRONG_CANDIDATE
H-CX-438-tension-gibbs-free-energy.md,11,5,0,1/e=0.368; J2-tau=20; ln(4/3)=0.288; sigma-phi=10; sopfr=5,STRONG_CANDIDATE
H-EE-118-egyptian-routing-hypotheses.md,11,5,2,n=6; sigma*(sigma-phi)=120; sigma*sopfr=60; sigma-mu=11; sigma-phi=10,STRONG_CANDIDATE
346-consensus-identity-causation.md,11,4,0,1/(sigma-phi)=0.1; J2-tau=20; sigma-tau=8; sopfr=5,MODERATE
164-cyclic-universe-golden.md,11,3,0,1/e=0.368; phi/tau=0.5; sigma=12,MODERATE
H-SEDI-8-multiengine-consensus.md,11,3,0,sigma-phi=10; sigma-tau=8; sopfr=5,MODERATE
H-CX-142-thc-ph-simplification.md,10,7,0,1/(sigma-phi)=0.1; ln(4/3)=0.288; phi/tau=0.5; sigma-phi=10; sigma-tau=8; sigma^2=144; sopfr=5,STRONG_CANDIDATE
202-chemical-bonds.md,10,6,0,1/e=0.368; J2=24; phi/tau=0.5; sigma-phi=10; sigma-sopfr=7; sopfr=5,STRONG_CANDIDATE
271-mitosis.md,10,5,0,n=6; sigma-phi=10; sigma-sopfr=7; sigma-tau=8; sopfr=5,STRONG_CANDIDATE
333-telepathy-compressed-structure.md,10,5,0,J2-tau=20; sigma+mu=13; sigma-mu=11; sigma-phi=10; sigma=12,STRONG_CANDIDATE
H-CHIP-24-1watt.md,10,5,1,J2=24; n=6; sigma-phi=10; sigma-sopfr=7; sigma=12,STRONG_CANDIDATE
H-CX-148-tension-resonance-telepathy.md,10,5,0,1/(sigma-phi)=0.1; ln(4/3)=0.288; phi/tau=0.5; sigma-phi=10; sopfr=5,STRONG_CANDIDATE
H-EE-9-phi-bottleneck-phi6simple-recovery.md,10,5,2,1/(sigma-phi)=0.1; ln(4/3)=0.288; n=6; phi/tau=0.5; phi^n=64,STRONG_CANDIDATE
190-time-dilation-golden.md,10,4,0,1/e=0.368; phi/tau=0.5; sigma-phi=10; sopfr=5,MODERATE
145-micro-macro-boundary.md,10,2,0,phi/tau=0.5; sigma-phi=10,WEAK
H-EE-96-task-dependent-limits.md,10,2,3,n=6; sopfr=5,WEAK
H-EE-98-scale-dependence.md,10,2,2,n=6; tau^2/sigma=4/3,WEAK
206-gibbs-genius.md,9,8,0,1/(sigma-phi)=0.1; J2=24; ln(4/3)=0.288; n=6; phi/tau=0.5; sigma+mu=13; sigma-phi=10; sopfr=5,STRONG_CANDIDATE
365-telepathy-quantum-entanglement.md,9,6,0,n=6; phi/tau=0.5; sigma+mu=13; sigma-phi=10; sigma/sigma-phi=1.2; sopfr=5,STRONG_CANDIDATE
208-telepathy-resonance.md,9,5,0,1/e=0.368; 16/27_Betz; ln(4/3)=0.288; phi/tau=0.5; sopfr=5,STRONG_CANDIDATE
H-CX-151-cross-layer-tension-signal.md,9,5,0,1/(sigma-phi)=0.1; ln(4/3)=0.288; n=6; phi/tau=0.5; sopfr=5,STRONG_CANDIDATE
126-lstm-golden-moe.md,9,4,0,1/(sigma-phi)=0.1; ln(4/3)=0.288; sigma-phi=10; sigma-tau=8,MODERATE
303-mitosis-anomaly-golden-zone.md,9,4,0,1/e=0.368; ln(4/3)=0.288; phi/tau=0.5; sopfr=5,MODERATE
H-EE-28-landauer-n6-generalization.md,9,1,3,n=6,WEAK
232-world-model-jepa.md,8,7,0,1/(sigma-phi)=0.1; 1/e=0.368; J2-tau=20; phi/tau=0.5; sigma*sopfr=60; sigma-phi=10; sigma-tau=8,STRONG_CANDIDATE
H-CX-68-precognition-conservation.md,8,7,0,1/(sigma-phi)=0.1; 16/27_Betz; ln(4/3)=0.288; phi/tau=0.5; sigma-phi=10; sigma-sopfr=7; sopfr=5,STRONG_CANDIDATE
324-llm-hallucination-tension.md,8,6,0,16/27_Betz; J2-tau=20; n=6; sigma-phi=10; sigma-sopfr=7; sopfr=5,STRONG_CANDIDATE
200b-mdma-ecstasy.md,8,4,0,1/e=0.368; 16/27_Betz; ln(4/3)=0.288; phi/tau=0.5,MODERATE
H-AX-10-direction-topology-r-spectrum.md,8,4,1,J2-tau=20; n=6; sigma-phi=10; sopfr=5,MODERATE
H-CX-113-12-expert-moe.md,8,4,0,n=6; sigma+mu=13; sigma-phi=10; sigma=12,MODERATE
H-CX-146-thc-h1-loops.md,8,4,0,1/(sigma-phi)=0.1; ln(4/3)=0.288; phi/tau=0.5; sopfr=5,MODERATE
H-CX-69-topological-acceleration.md,8,4,0,1/(sigma-phi)=0.1; 16/27_Betz; ln(4/3)=0.288; phi/tau=0.5,MODERATE
140-algorithm-complexity.md,8,3,1,phi^n=64; sigma-phi=10; sigma-tau=8,MODERATE
335-purefield-llm-design.md,8,2,1,n=6; sigma=12,WEAK
H-CHIP-17-power-egyptian.md,8,1,3,n=6,WEAK
H-CX-188-six-double-uniqueness.md,8,1,2,n=6,WEAK
H-CX-145-thc-ai-empathy-shift.md,7,6,0,16/27_Betz; J2-tau=20; ln(4/3)=0.288; phi/tau=0.5; sigma-phi=10; sopfr=5,STRONG_CANDIDATE
H-CX-106-tension-telepathy.md,7,5,0,J2-tau=20; phi/tau=0.5; sigma-phi=10; sigma-sopfr=7; sopfr=5,STRONG_CANDIDATE
165-why-point-seven.md,7,4,0,1/e=0.368; 16/27_Betz; ln(4/3)=0.288; phi/tau=0.5,MODERATE
207-neuralink.md,7,4,0,1/e=0.368; 16/27_Betz; phi/tau=0.5; sopfr=5,MODERATE
360-embodiment-purefield-control.md,7,4,0,16/27_Betz; phi/tau=0.5; sigma-sopfr=7; sopfr=5,MODERATE
H-CHIP-5-egyptian-router-hardware.md,7,4,1,J2-tau=20; n=6; sigma-phi=10; sopfr=5,MODERATE
H-CX-13-shamanic-enhancement.md,7,4,0,J2=24; sigma+mu=13; sigma-sopfr=7; sopfr=5,MODERATE
H-CX-136-eeg-merge-distance.md,7,4,0,n=6; phi/tau=0.5; sigma-phi=10; sopfr=5,MODERATE
H-CX-437-learning-maxwells-demon.md,7,4,0,J2-tau=20; phi^n=64; sigma-phi=10; sopfr=5,MODERATE
H-CX-154-neuron-ratio-e.md,7,3,1,1/e=0.368; sigma-phi=10; sopfr=5,MODERATE
H-CX-61-telescope-precognition.md,7,3,0,phi/tau=0.5; sigma/sigma-phi=1.2; sopfr=5,MODERATE
H-CX-115-kissing-number-12.md,7,2,0,sigma+mu=13; sigma=12,WEAK
H-EE-115-anthropic-arithmetic.md,7,2,2,n=6; sigma=12,WEAK
H-EE-97-meta-loss-required.md,7,2,2,1/(sigma-phi)=0.1; n=6,WEAK
H-CX-211-treatment-perfect-ratio.md,7,1,2,n=6,WEAK
H-CHIP-3-phi6-hardware.md,6,4,0,sigma-sopfr=7; sigma-tau=8; sigma=12; sopfr=5,MODERATE
H-CX-16-inhibition-noise-cancelling.md,6,4,0,1/(sigma-phi)=0.1; 1/e=0.368; ln(4/3)=0.288; phi/tau=0.5,MODERATE
H-CX-59-directional-precognition.md,6,4,0,phi/tau=0.5; sigma-phi=10; sigma-tau=8; sopfr=5,MODERATE
H-EE-103-success-rate-convergence.md,6,4,0,1/(sigma-phi)=0.1; ln(4/3)=0.288; n=6; sigma-phi=10,MODERATE
H-EE-4-phi6-knowledge-distillation.md,6,4,0,1/(sigma-phi)=0.1; phi/tau=0.5; sigma-tau=8; sopfr=5,MODERATE
143-blackhole-entropy.md,6,3,0,1/e=0.368; phi/tau=0.5; sigma-tau=8,MODERATE
277-feature-quality-threshold.md,6,3,1,1/e=0.368; 16/27_Betz; phi^n=64,MODERATE
300-mitosis-anomaly-hierarchy.md,6,3,0,n=6; phi/tau=0.5; sigma-tau=8,MODERATE
H-CX-149-direction-telepathy-ag.md,6,3,0,1/(sigma-phi)=0.1; ln(4/3)=0.288; sopfr=5,MODERATE
H-CX-179-p1-p2-triple-link.md,6,2,0,n=6; sigma=12,WEAK
H-CX-185-perfect-ratio-silicon.md,6,1,2,n=6,WEAK
H-CX-228-perfect-ratio-dual-freq.md,6,1,2,n=6,WEAK
H-EE-35-phi-gaussian-curvature.md,6,1,2,J2=24,WEAK
H-EE-51-efficient-church-turing.md,6,1,2,n=6,WEAK
H-EE-90-reader-is-r1.md,6,1,2,n=6,WEAK
H-CHIP-40-atp-synthase.md,6,0,3,,WEAK
362-crossmodal-tension.md,5,5,0,16/27_Betz; n=6; phi^n=64; sigma-tau=8; sopfr=5,STRONG_CANDIDATE
H-CX-180-tau-chain-evolution.md,5,5,0,n=6; sigma+mu=13; sigma-phi=10; sigma-sopfr=7; sopfr=5,STRONG_CANDIDATE
144-hawking-radiation-curiosity.md,5,3,1,1/(sigma-phi)=0.1; sigma*n=72; sigma^2=144,MODERATE
299-mitosis-anomaly-specialization.md,5,3,0,16/27_Betz; sigma-tau=8; sopfr=5,MODERATE
H-CX-143-thc-dendrogram-restructure.md,5,3,0,ln(4/3)=0.288; sigma-phi=10; sigma^2=144,MODERATE
H-CX-452-class-difficulty-prediction.md,5,3,0,1/e=0.368; J2-tau=20; sigma-phi=10,MODERATE
074-optimal-theta.md,5,2,0,1/(sigma-phi)=0.1; sigma*sopfr=60,WEAK
H-CX-106-human-ai-confusion-match.md,5,2,0,sigma-phi=10; sopfr=5,WEAK
H-CX-107-cross-dimension-ph.md,5,2,0,phi^n=64; sopfr=5,WEAK
H-CX-76-ph-confusion-classifier.md,5,2,0,sigma-phi=10; sopfr=5,WEAK
002-golden-zone-universality.md,5,1,0,1/e=0.368,WEAK
H-CX-190-six-triple-uniqueness.md,5,1,1,n=6,WEAK
355-prediction-error-surprise.md,4,4,0,16/27_Betz; J2-tau=20; n=6; sigma-phi=10,MODERATE
H-CX-66-direction-topology.md,4,4,0,phi/tau=0.5; sigma-phi=10; sigma-sopfr=7; sopfr=5,MODERATE
004-boltzmann-inhibition-temperature.md,4,3,0,J2-tau=20; ln(4/3)=0.288; phi/tau=0.5,MODERATE
272-detach-design-principle.md,4,3,0,J2-tau=20; sigma-phi=10; sopfr=5,MODERATE
305-contrastive-anomaly-detection.md,4,3,0,16/27_Betz; J2=24; sopfr=5,MODERATE
H-CX-102-ph-regularization.md,4,3,0,1/(sigma-phi)=0.1; 1/e=0.368; sigma-phi=10,MODERATE
H-CX-105-sub-epoch-transition.md,4,3,0,1/(sigma-phi)=0.1; ln(4/3)=0.288; phi/tau=0.5,MODERATE
H-CX-150-silent-consensus.md,4,3,0,phi/tau=0.5; sigma-phi=10; sopfr=5,MODERATE
H-CX-177-dolphin-whistle-stress-reduction.md,4,3,0,n=6; sigma-tau=8; sopfr=5,MODERATE
H-CX-11-tda-euler-characteristic.md,4,2,0,sigma-mu=11; sopfr=5,WEAK
H-CX-25-mi-efficiency-fingerprint-correlation.md,4,2,0,1/e=0.368; sigma-phi=10,WEAK
H-CX-81-aberration-merge-alignment.md,4,2,0,phi/tau=0.5; sigma*sopfr=60,WEAK
H-CX-91-knn-confusion.md,4,2,0,sigma-phi=10; sopfr=5,WEAK
168-quantum-superposition-coefficient.md,4,1,0,1/e=0.368,WEAK
H-CX-449-arch-invariance-cnn.md,4,1,0,sopfr=5,WEAK
H-CX-226-theta-6hz-meditation-telepathy.md,4,0,2,,WEAK
H-CX-263-ramanujan-tau-perfect.md,4,0,2,,WEAK
268-difficulty-axis-dominance.md,3,3,0,sigma-phi=10; sigma-tau=8; sopfr=5,MODERATE
H-CX-6-neurochemistry-map.md,3,3,0,16/27_Betz; n=6; phi/tau=0.5,MODERATE
H-EE-18-boltzmann-gate.md,3,3,0,1/e=0.368; sigma*(sigma-phi)=120; sigma=12,MODERATE
269-force-direction.md,3,2,0,sigma-phi=10; sopfr=5,WEAK
304-matrix-resolution-expansion.md,3,2,0,16/27_Betz; sopfr=5,WEAK
H-CX-139-eeg-phase-transition.md,3,2,0,1/(sigma-phi)=0.1; sopfr=5,WEAK
H-CX-98-ph-early-stopping.md,3,2,0,sigma-phi=10; sopfr=5,WEAK
336-next-steps-roadmap.md,3,1,0,sopfr=5,WEAK
H-EE-36-fisher-flat-at-r1.md,3,1,1,n=6,WEAK
005-one-third-law.md,2,2,0,sigma-tau=8; sopfr=5,WEAK
181-transcendence-is-time.md,2,2,0,1/(sigma-phi)=0.1; ln(4/3)=0.288,WEAK
287-tension-anomaly-detector.md,2,2,0,1/(sigma-phi)=0.1; sopfr=5,WEAK
361-conscious-llm-purefield-ffn.md,2,2,0,16/27_Betz; sopfr=5,WEAK
H-CX-137-eeg-tension-correlation.md,2,2,0,16/27_Betz; sigma-phi=10,WEAK
H-CX-140-eeg-dendrogram.md,2,2,0,phi/tau=0.5; sigma-phi=10,WEAK
H-CX-306-sixty-plus-discoveries.md,2,2,0,n=6; sigma*sopfr=60,WEAK
H-CX-77-topological-fingerprint.md,2,2,0,phi^n=64; sopfr=5,WEAK
H-CX-86-zero-shot-ph.md,2,2,0,phi/tau=0.5; sopfr=5,WEAK
344-mitosis-detach-synergy.md,2,1,0,sigma-phi=10,WEAK
H-CX-111-13th-observer.md,2,1,0,sigma=12,WEAK
H-CX-132-dolphin-40hz-consciousness.md,2,1,0,n=6,WEAK
H-CX-170-cross-dataset-r1-origin.md,2,1,0,sigma-phi=10,WEAK
H-CX-176-human-dolphin-gamma-sync.md,2,1,0,n=6,WEAK
H-CX-206-treatment-antiphase-gamma.md,2,1,0,n=6,WEAK
H-CX-225-binaural-40hz-telepathy.md,2,1,0,n=6,WEAK
H-CX-78-synergy-scaling.md,2,1,0,1/e=0.368,WEAK
H-CX-79-topological-tension-conservation.md,2,1,0,1/(sigma-phi)=0.1,WEAK
003-cusp-catastrophe-equivalence.md,1,1,0,sigma-tau=8,WEAK
137-np-heuristic.md,1,1,0,sigma*tau=48,WEAK
142-halting-problem.md,1,1,0,1/(sigma-phi)=0.1,WEAK
278-tension-information-base-accuracy.md,1,1,0,1/(sigma-phi)=0.1,WEAK
283-tension-nonlinear-threshold.md,1,1,0,sopfr=5,WEAK
H-CX-109-consciousness-universality.md,1,1,0,sopfr=5,WEAK
H-CX-114-ophiuchus-metacognition.md,1,1,0,sigma=12,WEAK
H-CX-133-whistle-ratio-golden-zone.md,1,1,0,ln(4/3)=0.288,WEAK
H-CX-135-dolphin-neuron-tau4.md,1,1,0,n=6,WEAK
H-CX-171-h0-learnability-extended.md,1,1,0,n=6,WEAK
H-CX-173-dendrogram-fixation-step.md,1,1,0,1/(sigma-phi)=0.1,WEAK
H-CX-174-dolphin-therapy-frequency.md,1,1,0,sopfr=5,WEAK
H-CX-197-dolphin-sonar-brainwave-shift.md,1,1,0,sigma=12,WEAK
H-CX-199-dolphin-gamma-376-percent.md,1,1,0,1/(sigma-phi)=0.1,WEAK
H-CX-204-dolphin-beat-frequency-alpha.md,1,1,0,n=6,WEAK
H-CX-205-dolphin-freq-ph-overload.md,1,1,0,1/(sigma-phi)=0.1,WEAK
H-CX-207-treatment-gradual-exposure.md,1,1,0,1/(sigma-phi)=0.1,WEAK
H-CX-209-treatment-alpha-induction.md,1,1,0,n=6,WEAK
H-CX-227-13hz-observer-mode.md,1,1,0,n=6,WEAK
H-CX-29-telepathy-tension-transfer.md,1,1,0,sopfr=5,WEAK
H-CX-80-precognition-orthogonality.md,1,1,0,sopfr=5,WEAK
H-CX-82-epoch1-confusion-map.md,1,1,0,16/27_Betz,WEAK
H-CX-84-conservation-synergy-condition.md,1,1,0,1/(sigma-phi)=0.1,WEAK
H-CX-87-ph-curriculum.md,1,1,0,J2-tau=20,WEAK
H-CX-90-epoch1-phase-transition.md,1,1,0,sopfr=5,WEAK
H-CX-92-dendrogram-depth-difficulty.md,1,1,0,phi/tau=0.5,WEAK
H-CX-96-weight-delta-trigger.md,1,1,0,sopfr=5,WEAK
H-EE-38-inference-complexity-bound.md,1,1,0,sigma-tau=8,WEAK
141-information-bottleneck.md,0,0,0,,NO_MATCH
192-present-moment-fixed-point.md,0,0,0,,NO_MATCH
282-tension-high-accuracy-only.md,0,0,0,,NO_MATCH
H-CX-100-ph-learning-rate-guide.md,0,0,0,,NO_MATCH
H-CX-104-ph-adversarial-vulnerability.md,0,0,0,,NO_MATCH
H-CX-108-telepathy-protocol.md,0,0,0,,NO_MATCH
H-CX-122-ph-tau-invariance.md,0,0,0,,NO_MATCH
H-CX-124-ph-stability-analog.md,0,0,0,,NO_MATCH
H-CX-125-non-shared-data-ph.md,0,0,0,,NO_MATCH
H-CX-126-no-communication-theorem.md,0,0,0,,NO_MATCH
H-CX-127-ph-entanglement.md,0,0,0,,NO_MATCH
H-CX-128-kolmogorov-ph.md,0,0,0,,NO_MATCH
H-CX-129-topological-bell-inequality.md,0,0,0,,NO_MATCH
H-CX-130-dolphin-signature-whistle-ph.md,0,0,0,,NO_MATCH
H-CX-131-click-interval-merge-distance.md,0,0,0,,NO_MATCH
H-CX-134-echolocation-biological-ph.md,0,0,0,,NO_MATCH
H-CX-138-eeg-precognition.md,0,0,0,,NO_MATCH
H-CX-141-eeg-telepathy-realtime.md,0,0,0,,NO_MATCH
H-CX-157-silent-consensus-origin.md,0,0,0,,NO_MATCH
H-CX-158-cross-dataset-ph-transfer.md,0,0,0,,NO_MATCH
H-CX-159-tension-resonance-robustness.md,0,0,0,,NO_MATCH
H-CX-160-ph-learnability-index.md,0,0,0,,NO_MATCH
H-CX-172-resonance-consensus-unified.md,0,0,0,,NO_MATCH
H-CX-175-dolphin-click-healing.md,0,0,0,,NO_MATCH
H-CX-178-dolphin-self-healing-tension.md,0,0,0,,NO_MATCH
H-CX-182-consciousness-constants.md,0,0,0,,NO_MATCH
H-CX-198-dolphin-click-ultrasound-tissue.md,0,0,0,,NO_MATCH
H-CX-200-dolphin-bilateral-sync.md,0,0,0,,NO_MATCH
H-CX-201-dolphin-depression-tension.md,0,0,0,,NO_MATCH
H-CX-202-dolphin-sonar-inspired-medical.md,0,0,0,,NO_MATCH
H-CX-203-dolphin-cerebral-palsy-eeg.md,0,0,0,,NO_MATCH
H-CX-208-dolphin-confusion-merge-change.md,0,0,0,,NO_MATCH
H-CX-210-sensitivity-baseline-h0.md,0,0,0,,NO_MATCH
H-CX-212-tinnitus-h1-loop.md,0,0,0,,NO_MATCH
H-CX-229-smr-tacs-body-awareness.md,0,0,0,,NO_MATCH
H-CX-230-dolphin-sound-ph-sync.md,0,0,0,,NO_MATCH
H-CX-262-euler-product-truncation.md,0,0,0,,NO_MATCH
H-CX-83-orthogonality-topology-fusion.md,0,0,0,,NO_MATCH
H-CX-89-data-intrinsic-precognition.md,0,0,0,,NO_MATCH
H-CX-93-confusion-eigenstructure.md,0,0,0,,NO_MATCH
H-CX-94-confusion-as-metric.md,0,0,0,,NO_MATCH
H-CX-95-generalization-predictor.md,0,0,0,,NO_MATCH
H-CX-97-cross-dataset-hierarchy-transfer.md,0,0,0,,NO_MATCH
H-CX-99-ph-optimal-checkpoint.md,0,0,0,,NO_MATCH
H-EE-52-bekenstein-bound.md,0,0,0,,NO_MATCH
